-- =====================================================================
-- SEED DATA — generated by scripts/generate-seed.js
-- Generated at: 2026-07-22T07:43:07.602Z
-- Import with:  npm run seed   (or: node run-seed.js)
-- NOTE: truncates and re-fills the content tables below.
--       Users / wallets / bets are NOT touched by this seed,
--       but bets referencing old markets are removed via CASCADE.
-- =====================================================================

BEGIN;

TRUNCATE leagues, teams, tournaments, matchtypes, matches, games, players, gameplayerstats, gameevents, betmarkets, odds, viptiers, promotions RESTART IDENTITY CASCADE;

-- ===== leagues (4 rows) =====
INSERT INTO leagues (id, name, slug, logo_url, created_at) OVERRIDING SYSTEM VALUE VALUES ('1', 'League of Legends Champions Korea', 'lck', 'https://lolesports.com/en-US/leagues/lck', '2026-07-16T07:39:51.048Z');
INSERT INTO leagues (id, name, slug, logo_url, created_at) OVERRIDING SYSTEM VALUE VALUES ('2', 'The International', 'ti', 'https://www.dota2.com/international', '2026-07-16T07:39:51.048Z');
INSERT INTO leagues (id, name, slug, logo_url, created_at) OVERRIDING SYSTEM VALUE VALUES ('3', 'League of Legends Pro League', 'lpl', 'https://static.lolesports.com/leagues/lpl-color-on-black.png', '2026-07-16T07:39:51.048Z');
INSERT INTO leagues (id, name, slug, logo_url, created_at) OVERRIDING SYSTEM VALUE VALUES ('4', 'ESL One Dota 2', 'esl-one-dota', 'https://static.gosugamers.net/esl-logo.webp', '2026-07-16T07:39:51.048Z');
SELECT setval(pg_get_serial_sequence('leagues', 'id'), (SELECT COALESCE(MAX(id), 1) FROM leagues));

-- ===== teams (16 rows) =====
INSERT INTO teams (id, name, code, slug, logo_url, created_at) OVERRIDING SYSTEM VALUE VALUES ('1', 'T1', 'T1', 't1', 'https://static.lolesports.com/teams/1726801573959_539px-T1_2019_full_allmode.png', '2026-07-16T07:39:51.048Z');
INSERT INTO teams (id, name, code, slug, logo_url, created_at) OVERRIDING SYSTEM VALUE VALUES ('2', 'Gen.G Esports', 'GEN', 'geng', 'https://static.lolesports.com/teams/1773829250929_GENGLOGO_GOLD.png', '2026-07-16T07:39:51.048Z');
INSERT INTO teams (id, name, code, slug, logo_url, created_at) OVERRIDING SYSTEM VALUE VALUES ('3', 'Hanwha Life Esports', 'HLE', 'hle', 'https://static.lolesports.com/teams/1631819564399_hle-2021-worlds.png', '2026-07-16T07:39:51.048Z');
INSERT INTO teams (id, name, code, slug, logo_url, created_at) OVERRIDING SYSTEM VALUE VALUES ('4', 'KT Rolster', 'KT', 'kt', 'https://static.lolesports.com/teams/kt_darkbackground.png', '2026-07-16T07:39:51.048Z');
INSERT INTO teams (id, name, code, slug, logo_url, created_at) OVERRIDING SYSTEM VALUE VALUES ('5', 'Team Falcons', 'FLCN', 'falcons', 'https://static.gosugamers.net/49/8d/cb/42637ee79b18bdff6c9473c0cf17d837702a2b08bcfda3d0cb6349bb09.webp', '2026-07-16T07:39:51.048Z');
INSERT INTO teams (id, name, code, slug, logo_url, created_at) OVERRIDING SYSTEM VALUE VALUES ('6', 'Xtreme Gaming', 'XG', 'xtreme-gaming', 'https://liquipedia.net/commons/images/thumb/7/72/Xtreme_Gaming_%28China%29_allmode.png/201px-Xtreme_Gaming_%28China%29_allmode.png', '2026-07-16T07:39:51.048Z');
INSERT INTO teams (id, name, code, slug, logo_url, created_at) OVERRIDING SYSTEM VALUE VALUES ('7', 'Team Liquid', 'TL', 'team-liquid', 'https://static.gosugamers.net/62/61/31/c51502def1d90d781d97c85872fd9a67170a32c0022dac8b1119451c9b.webp', '2026-07-16T07:39:51.048Z');
INSERT INTO teams (id, name, code, slug, logo_url, created_at) OVERRIDING SYSTEM VALUE VALUES ('8', 'Team Spirit', 'TS', 'team-spirit', 'https://encrypted-tbn0.gstatic.com/images?q=tbn:ANd9GcQZXxjQ7sxr2hXUGkMBbuXNvcPEbKEG3LR3nTwioj76zQ&s=10', '2026-07-16T07:39:51.048Z');
INSERT INTO teams (id, name, code, slug, logo_url, created_at) OVERRIDING SYSTEM VALUE VALUES ('9', 'DRX', 'DRX', 'drx', 'https://liquipedia.net/commons/images/thumb/e/e1/DRX_allmode.png/600px-DRX_allmode.png', '2026-07-16T07:39:51.048Z');
INSERT INTO teams (id, name, code, slug, logo_url, created_at) OVERRIDING SYSTEM VALUE VALUES ('10', 'Bilibili Gaming', 'BLG', 'bilibili-gaming', 'https://s-qwer.op.gg/images/lol/teams/632_1672191537262.png', '2026-07-16T07:39:51.048Z');
INSERT INTO teams (id, name, code, slug, logo_url, created_at) OVERRIDING SYSTEM VALUE VALUES ('11', 'Edward Gaming', 'EDG', 'edward-gaming', 'https://upload.wikimedia.org/wikipedia/commons/3/33/Edward_Gaming_logo.png', '2026-07-16T07:39:51.048Z');
INSERT INTO teams (id, name, code, slug, logo_url, created_at) OVERRIDING SYSTEM VALUE VALUES ('12', 'Cloud9', 'C9', 'cloud9', 'https://liquipedia.net/commons/images/thumb/d/d9/Cloud9_New_York_darkmode.png/291px-Cloud9_New_York_darkmode.png', '2026-07-16T07:39:51.048Z');
INSERT INTO teams (id, name, code, slug, logo_url, created_at) OVERRIDING SYSTEM VALUE VALUES ('13', 'OG', 'OG', 'og', 'https://liquipedia.net/commons/images/thumb/7/7b/OG_2026_allmode.png/600px-OG_2026_allmode.png', '2026-07-16T07:39:51.048Z');
INSERT INTO teams (id, name, code, slug, logo_url, created_at) OVERRIDING SYSTEM VALUE VALUES ('14', 'PSG.LGD', 'LGD', 'psg-lgd', 'https://upload.wikimedia.org/wikipedia/en/e/ea/LGD_Gaming_logo.png', '2026-07-16T07:39:51.048Z');
INSERT INTO teams (id, name, code, slug, logo_url, created_at) OVERRIDING SYSTEM VALUE VALUES ('15', 'Tundra Esports', 'TNDR', 'tundra', 'https://liquipedia.net/commons/images/thumb/7/71/Tundra_Esports_2020_full_darkmode.png/600px-Tundra_Esports_2020_full_darkmode.png', '2026-07-16T07:39:51.048Z');
INSERT INTO teams (id, name, code, slug, logo_url, created_at) OVERRIDING SYSTEM VALUE VALUES ('16', 'Nouns Esports', 'NOUNS', 'nouns', 'https://liquipedia.net/commons/images/thumb/a/aa/Nouns_Esports_allmode.png/600px-Nouns_Esports_allmode.png', '2026-07-16T07:39:51.048Z');
SELECT setval(pg_get_serial_sequence('teams', 'id'), (SELECT COALESCE(MAX(id), 1) FROM teams));

-- ===== tournaments (4 rows) =====
INSERT INTO tournaments (id, league_id, name, start_date, end_date, created_at) OVERRIDING SYSTEM VALUE VALUES ('1', '1', 'LCK 2025 Season', '2025-01-14T17:00:00.000Z', '2025-08-31T17:00:00.000Z', '2026-07-16T07:39:51.048Z');
INSERT INTO tournaments (id, league_id, name, start_date, end_date, created_at) OVERRIDING SYSTEM VALUE VALUES ('2', '2', 'The International 2025 (TI14)', '2025-09-03T17:00:00.000Z', '2025-09-13T17:00:00.000Z', '2026-07-16T07:39:51.048Z');
INSERT INTO tournaments (id, league_id, name, start_date, end_date, created_at) OVERRIDING SYSTEM VALUE VALUES ('3', '3', 'LPL 2026 Spring Split', '2026-01-09T17:00:00.000Z', '2026-04-19T17:00:00.000Z', '2026-07-16T07:39:51.048Z');
INSERT INTO tournaments (id, league_id, name, start_date, end_date, created_at) OVERRIDING SYSTEM VALUE VALUES ('4', '4', 'ESL One Dota 2 2026', '2026-05-31T17:00:00.000Z', '2026-08-29T17:00:00.000Z', '2026-07-16T07:39:51.048Z');
SELECT setval(pg_get_serial_sequence('tournaments', 'id'), (SELECT COALESCE(MAX(id), 1) FROM tournaments));

-- ===== matchtypes (2 rows) =====
INSERT INTO matchtypes (id, match_type) OVERRIDING SYSTEM VALUE VALUES ('1', 'LOL');
INSERT INTO matchtypes (id, match_type) OVERRIDING SYSTEM VALUE VALUES ('2', 'Dota 2');
SELECT setval(pg_get_serial_sequence('matchtypes', 'id'), (SELECT COALESCE(MAX(id), 1) FROM matchtypes));

-- ===== matches (15 rows) =====
INSERT INTO matches (id, match_type_id, tournament_id, block_name, team1_id, team2_id, team1_score, team2_score, best_of, winner_team_id, state, scheduled_at, created_at, updated_at) OVERRIDING SYSTEM VALUE VALUES ('1', '1', '1', 'Playoffs - Final', '1', '2', 3, 2, 5, '1', 'finished', '2025-08-31T08:00:00.000Z', '2026-07-16T07:39:51.048Z', '2026-07-16T07:39:51.048Z');
INSERT INTO matches (id, match_type_id, tournament_id, block_name, team1_id, team2_id, team1_score, team2_score, best_of, winner_team_id, state, scheduled_at, created_at, updated_at) OVERRIDING SYSTEM VALUE VALUES ('2', '1', '1', 'Regular - Week 1', '3', '4', 0, 0, 3, NULL, 'upcoming', '2026-07-20T08:00:00.000Z', '2026-07-16T07:39:51.048Z', '2026-07-16T07:39:51.048Z');
INSERT INTO matches (id, match_type_id, tournament_id, block_name, team1_id, team2_id, team1_score, team2_score, best_of, winner_team_id, state, scheduled_at, created_at, updated_at) OVERRIDING SYSTEM VALUE VALUES ('3', '1', '1', 'Regular - Week 1', '1', '3', 0, 0, 3, NULL, 'upcoming', '2026-07-21T08:00:00.000Z', '2026-07-16T07:39:51.048Z', '2026-07-16T07:39:51.048Z');
INSERT INTO matches (id, match_type_id, tournament_id, block_name, team1_id, team2_id, team1_score, team2_score, best_of, winner_team_id, state, scheduled_at, created_at, updated_at) OVERRIDING SYSTEM VALUE VALUES ('4', '2', '2', 'Playoffs - Grand Final', '5', '6', 3, 2, 5, '5', 'finished', '2025-09-14T16:00:00.000Z', '2026-07-16T07:39:51.048Z', '2026-07-16T07:39:51.048Z');
INSERT INTO matches (id, match_type_id, tournament_id, block_name, team1_id, team2_id, team1_score, team2_score, best_of, winner_team_id, state, scheduled_at, created_at, updated_at) OVERRIDING SYSTEM VALUE VALUES ('5', '2', '2', 'Group Stage', '7', '8', 0, 0, 3, NULL, 'upcoming', '2026-07-22T16:00:00.000Z', '2026-07-16T07:39:51.048Z', '2026-07-16T07:39:51.048Z');
INSERT INTO matches (id, match_type_id, tournament_id, block_name, team1_id, team2_id, team1_score, team2_score, best_of, winner_team_id, state, scheduled_at, created_at, updated_at) OVERRIDING SYSTEM VALUE VALUES ('6', '1', '1', 'Regular - Week 2', '9', '4', 0, 0, 3, NULL, 'upcoming', '2026-07-23T08:00:00.000Z', '2026-07-16T07:39:51.048Z', '2026-07-16T07:39:51.048Z');
INSERT INTO matches (id, match_type_id, tournament_id, block_name, team1_id, team2_id, team1_score, team2_score, best_of, winner_team_id, state, scheduled_at, created_at, updated_at) OVERRIDING SYSTEM VALUE VALUES ('7', '1', '1', 'Regular - Week 2', '2', '9', 0, 0, 3, NULL, 'upcoming', '2026-07-24T08:00:00.000Z', '2026-07-16T07:39:51.048Z', '2026-07-16T07:39:51.048Z');
INSERT INTO matches (id, match_type_id, tournament_id, block_name, team1_id, team2_id, team1_score, team2_score, best_of, winner_team_id, state, scheduled_at, created_at, updated_at) OVERRIDING SYSTEM VALUE VALUES ('8', '1', '1', 'Regular - Week 3', '1', '2', 0, 0, 3, NULL, 'upcoming', '2026-07-25T08:00:00.000Z', '2026-07-16T07:39:51.048Z', '2026-07-16T07:39:51.048Z');
INSERT INTO matches (id, match_type_id, tournament_id, block_name, team1_id, team2_id, team1_score, team2_score, best_of, winner_team_id, state, scheduled_at, created_at, updated_at) OVERRIDING SYSTEM VALUE VALUES ('9', '1', '1', 'Regular - Week 3', '3', '2', 2, 1, 3, '3', 'finished', '2026-07-10T08:00:00.000Z', '2026-07-16T07:39:51.048Z', '2026-07-16T07:39:51.048Z');
INSERT INTO matches (id, match_type_id, tournament_id, block_name, team1_id, team2_id, team1_score, team2_score, best_of, winner_team_id, state, scheduled_at, created_at, updated_at) OVERRIDING SYSTEM VALUE VALUES ('10', '1', '3', 'Regular - Week 1', '10', '11', 0, 0, 3, NULL, 'upcoming', '2026-07-19T06:00:00.000Z', '2026-07-16T07:39:51.048Z', '2026-07-16T07:39:51.048Z');
INSERT INTO matches (id, match_type_id, tournament_id, block_name, team1_id, team2_id, team1_score, team2_score, best_of, winner_team_id, state, scheduled_at, created_at, updated_at) OVERRIDING SYSTEM VALUE VALUES ('11', '1', '3', 'Regular - Week 1', '12', '10', 1, 2, 3, '10', 'finished', '2026-07-11T06:00:00.000Z', '2026-07-16T07:39:51.048Z', '2026-07-16T07:39:51.048Z');
INSERT INTO matches (id, match_type_id, tournament_id, block_name, team1_id, team2_id, team1_score, team2_score, best_of, winner_team_id, state, scheduled_at, created_at, updated_at) OVERRIDING SYSTEM VALUE VALUES ('12', '1', '3', 'Regular - Week 2', '11', '12', 0, 0, 3, NULL, 'upcoming', '2026-07-26T06:00:00.000Z', '2026-07-16T07:39:51.048Z', '2026-07-16T07:39:51.048Z');
INSERT INTO matches (id, match_type_id, tournament_id, block_name, team1_id, team2_id, team1_score, team2_score, best_of, winner_team_id, state, scheduled_at, created_at, updated_at) OVERRIDING SYSTEM VALUE VALUES ('13', '2', '4', 'Group Stage', '13', '14', 0, 0, 3, NULL, 'upcoming', '2026-07-20T14:00:00.000Z', '2026-07-16T07:39:51.048Z', '2026-07-16T07:39:51.048Z');
INSERT INTO matches (id, match_type_id, tournament_id, block_name, team1_id, team2_id, team1_score, team2_score, best_of, winner_team_id, state, scheduled_at, created_at, updated_at) OVERRIDING SYSTEM VALUE VALUES ('14', '2', '4', 'Group Stage', '15', '16', 0, 0, 3, NULL, 'upcoming', '2026-07-21T14:00:00.000Z', '2026-07-16T07:39:51.048Z', '2026-07-16T07:39:51.048Z');
INSERT INTO matches (id, match_type_id, tournament_id, block_name, team1_id, team2_id, team1_score, team2_score, best_of, winner_team_id, state, scheduled_at, created_at, updated_at) OVERRIDING SYSTEM VALUE VALUES ('15', '2', '4', 'Group Stage', '8', '13', 2, 0, 3, '8', 'finished', '2026-07-09T14:00:00.000Z', '2026-07-16T07:39:51.048Z', '2026-07-16T07:39:51.048Z');
SELECT setval(pg_get_serial_sequence('matches', 'id'), (SELECT COALESCE(MAX(id), 1) FROM matches));

-- ===== games (18 rows) =====
INSERT INTO games (id, match_id, game_number, team1_id, team2_id, team1_kill, team2_kill, first_blood_team_id, winner_team_id, state, created_at, updated_at, team1_gold, team2_gold) OVERRIDING SYSTEM VALUE VALUES ('1', '1', 1, '1', '2', 24, 12, '1', '1', 'finished', '2026-07-16T07:39:51.048Z', '2026-07-22T07:41:08.987Z', 71500, 56600);
INSERT INTO games (id, match_id, game_number, team1_id, team2_id, team1_kill, team2_kill, first_blood_team_id, winner_team_id, state, created_at, updated_at, team1_gold, team2_gold) OVERRIDING SYSTEM VALUE VALUES ('2', '1', 2, '1', '2', 15, 21, '2', '2', 'finished', '2026-07-16T07:39:51.048Z', '2026-07-22T07:41:08.987Z', 60000, 70500);
INSERT INTO games (id, match_id, game_number, team1_id, team2_id, team1_kill, team2_kill, first_blood_team_id, winner_team_id, state, created_at, updated_at, team1_gold, team2_gold) OVERRIDING SYSTEM VALUE VALUES ('3', '1', 3, '1', '2', 28, 18, '1', '1', 'finished', '2026-07-16T07:39:51.048Z', '2026-07-22T07:41:08.987Z', 76500, 58200);
INSERT INTO games (id, match_id, game_number, team1_id, team2_id, team1_kill, team2_kill, first_blood_team_id, winner_team_id, state, created_at, updated_at, team1_gold, team2_gold) OVERRIDING SYSTEM VALUE VALUES ('4', '1', 4, '1', '2', 10, 19, '2', '2', 'finished', '2026-07-16T07:39:51.048Z', '2026-07-22T07:41:08.987Z', 51000, 67400);
INSERT INTO games (id, match_id, game_number, team1_id, team2_id, team1_kill, team2_kill, first_blood_team_id, winner_team_id, state, created_at, updated_at, team1_gold, team2_gold) OVERRIDING SYSTEM VALUE VALUES ('5', '1', 5, '1', '2', 22, 16, '1', '1', 'finished', '2026-07-16T07:39:51.048Z', '2026-07-22T07:41:08.987Z', 67700, 60900);
INSERT INTO games (id, match_id, game_number, team1_id, team2_id, team1_kill, team2_kill, first_blood_team_id, winner_team_id, state, created_at, updated_at, team1_gold, team2_gold) OVERRIDING SYSTEM VALUE VALUES ('6', '4', 1, '5', '6', 31, 20, '5', '5', 'finished', '2026-07-16T07:39:51.048Z', '2026-07-22T07:41:08.987Z', 75100, 62000);
INSERT INTO games (id, match_id, game_number, team1_id, team2_id, team1_kill, team2_kill, first_blood_team_id, winner_team_id, state, created_at, updated_at, team1_gold, team2_gold) OVERRIDING SYSTEM VALUE VALUES ('7', '4', 2, '5', '6', 18, 25, '6', '6', 'finished', '2026-07-16T07:39:51.048Z', '2026-07-22T07:41:08.987Z', 61200, 70300);
INSERT INTO games (id, match_id, game_number, team1_id, team2_id, team1_kill, team2_kill, first_blood_team_id, winner_team_id, state, created_at, updated_at, team1_gold, team2_gold) OVERRIDING SYSTEM VALUE VALUES ('8', '4', 3, '5', '6', 27, 14, '5', '5', 'finished', '2026-07-16T07:39:51.048Z', '2026-07-22T07:41:08.987Z', 73700, 56100);
INSERT INTO games (id, match_id, game_number, team1_id, team2_id, team1_kill, team2_kill, first_blood_team_id, winner_team_id, state, created_at, updated_at, team1_gold, team2_gold) OVERRIDING SYSTEM VALUE VALUES ('9', '4', 4, '5', '6', 16, 23, '6', '6', 'finished', '2026-07-16T07:39:51.048Z', '2026-07-22T07:41:08.987Z', 60100, 71900);
INSERT INTO games (id, match_id, game_number, team1_id, team2_id, team1_kill, team2_kill, first_blood_team_id, winner_team_id, state, created_at, updated_at, team1_gold, team2_gold) OVERRIDING SYSTEM VALUE VALUES ('10', '4', 5, '5', '6', 29, 21, '5', '5', 'finished', '2026-07-16T07:39:51.048Z', '2026-07-22T07:41:08.987Z', 74600, 63300);
INSERT INTO games (id, match_id, game_number, team1_id, team2_id, team1_kill, team2_kill, first_blood_team_id, winner_team_id, state, created_at, updated_at, team1_gold, team2_gold) OVERRIDING SYSTEM VALUE VALUES ('11', '9', 1, '3', '2', 22, 14, '3', '3', 'finished', '2026-07-16T07:39:51.048Z', '2026-07-22T07:41:08.987Z', 67900, 54900);
INSERT INTO games (id, match_id, game_number, team1_id, team2_id, team1_kill, team2_kill, first_blood_team_id, winner_team_id, state, created_at, updated_at, team1_gold, team2_gold) OVERRIDING SYSTEM VALUE VALUES ('12', '9', 2, '3', '2', 11, 18, '2', '2', 'finished', '2026-07-16T07:39:51.048Z', '2026-07-22T07:41:08.987Z', 56500, 65100);
INSERT INTO games (id, match_id, game_number, team1_id, team2_id, team1_kill, team2_kill, first_blood_team_id, winner_team_id, state, created_at, updated_at, team1_gold, team2_gold) OVERRIDING SYSTEM VALUE VALUES ('13', '9', 3, '3', '2', 25, 15, '3', '3', 'finished', '2026-07-16T07:39:51.048Z', '2026-07-22T07:41:08.987Z', 72500, 59800);
INSERT INTO games (id, match_id, game_number, team1_id, team2_id, team1_kill, team2_kill, first_blood_team_id, winner_team_id, state, created_at, updated_at, team1_gold, team2_gold) OVERRIDING SYSTEM VALUE VALUES ('14', '11', 1, '12', '10', 18, 22, '10', '10', 'finished', '2026-07-16T07:39:51.048Z', '2026-07-22T07:41:08.987Z', 58500, 67100);
INSERT INTO games (id, match_id, game_number, team1_id, team2_id, team1_kill, team2_kill, first_blood_team_id, winner_team_id, state, created_at, updated_at, team1_gold, team2_gold) OVERRIDING SYSTEM VALUE VALUES ('15', '11', 2, '12', '10', 21, 16, '12', '12', 'finished', '2026-07-16T07:39:51.048Z', '2026-07-22T07:41:08.987Z', 70600, 59000);
INSERT INTO games (id, match_id, game_number, team1_id, team2_id, team1_kill, team2_kill, first_blood_team_id, winner_team_id, state, created_at, updated_at, team1_gold, team2_gold) OVERRIDING SYSTEM VALUE VALUES ('16', '11', 3, '12', '10', 14, 24, '10', '10', 'finished', '2026-07-16T07:39:51.048Z', '2026-07-22T07:41:08.987Z', 58000, 67800);
INSERT INTO games (id, match_id, game_number, team1_id, team2_id, team1_kill, team2_kill, first_blood_team_id, winner_team_id, state, created_at, updated_at, team1_gold, team2_gold) OVERRIDING SYSTEM VALUE VALUES ('17', '15', 1, '8', '13', 28, 17, '8', '8', 'finished', '2026-07-16T07:39:51.048Z', '2026-07-22T07:41:08.987Z', 71000, 57900);
INSERT INTO games (id, match_id, game_number, team1_id, team2_id, team1_kill, team2_kill, first_blood_team_id, winner_team_id, state, created_at, updated_at, team1_gold, team2_gold) OVERRIDING SYSTEM VALUE VALUES ('18', '15', 2, '8', '13', 24, 19, '8', '8', 'finished', '2026-07-16T07:39:51.048Z', '2026-07-22T07:41:08.987Z', 67600, 63200);
SELECT setval(pg_get_serial_sequence('games', 'id'), (SELECT COALESCE(MAX(id), 1) FROM games));

-- ===== players (80 rows) =====
INSERT INTO players (id, team_id, in_game_name, real_name, role, country, created_at) OVERRIDING SYSTEM VALUE VALUES ('1', '1', 'Doran', NULL, 'TOP', NULL, '2026-07-22T07:41:08.987Z');
INSERT INTO players (id, team_id, in_game_name, real_name, role, country, created_at) OVERRIDING SYSTEM VALUE VALUES ('2', '1', 'Oner', NULL, 'JUNGLE', NULL, '2026-07-22T07:41:08.987Z');
INSERT INTO players (id, team_id, in_game_name, real_name, role, country, created_at) OVERRIDING SYSTEM VALUE VALUES ('3', '1', 'Faker', NULL, 'MID', NULL, '2026-07-22T07:41:08.987Z');
INSERT INTO players (id, team_id, in_game_name, real_name, role, country, created_at) OVERRIDING SYSTEM VALUE VALUES ('4', '1', 'Gumayusi', NULL, 'ADC', NULL, '2026-07-22T07:41:08.987Z');
INSERT INTO players (id, team_id, in_game_name, real_name, role, country, created_at) OVERRIDING SYSTEM VALUE VALUES ('5', '1', 'Keria', NULL, 'SUPPORT', NULL, '2026-07-22T07:41:08.987Z');
INSERT INTO players (id, team_id, in_game_name, real_name, role, country, created_at) OVERRIDING SYSTEM VALUE VALUES ('6', '2', 'Kiin', NULL, 'TOP', NULL, '2026-07-22T07:41:08.987Z');
INSERT INTO players (id, team_id, in_game_name, real_name, role, country, created_at) OVERRIDING SYSTEM VALUE VALUES ('7', '2', 'Canyon', NULL, 'JUNGLE', NULL, '2026-07-22T07:41:08.987Z');
INSERT INTO players (id, team_id, in_game_name, real_name, role, country, created_at) OVERRIDING SYSTEM VALUE VALUES ('8', '2', 'Chovy', NULL, 'MID', NULL, '2026-07-22T07:41:08.987Z');
INSERT INTO players (id, team_id, in_game_name, real_name, role, country, created_at) OVERRIDING SYSTEM VALUE VALUES ('9', '2', 'Ruler', NULL, 'ADC', NULL, '2026-07-22T07:41:08.987Z');
INSERT INTO players (id, team_id, in_game_name, real_name, role, country, created_at) OVERRIDING SYSTEM VALUE VALUES ('10', '2', 'Duro', NULL, 'SUPPORT', NULL, '2026-07-22T07:41:08.987Z');
INSERT INTO players (id, team_id, in_game_name, real_name, role, country, created_at) OVERRIDING SYSTEM VALUE VALUES ('11', '3', 'Zeus', NULL, 'TOP', NULL, '2026-07-22T07:41:08.987Z');
INSERT INTO players (id, team_id, in_game_name, real_name, role, country, created_at) OVERRIDING SYSTEM VALUE VALUES ('12', '3', 'Peanut', NULL, 'JUNGLE', NULL, '2026-07-22T07:41:08.987Z');
INSERT INTO players (id, team_id, in_game_name, real_name, role, country, created_at) OVERRIDING SYSTEM VALUE VALUES ('13', '3', 'Zeka', NULL, 'MID', NULL, '2026-07-22T07:41:08.987Z');
INSERT INTO players (id, team_id, in_game_name, real_name, role, country, created_at) OVERRIDING SYSTEM VALUE VALUES ('14', '3', 'Viper', NULL, 'ADC', NULL, '2026-07-22T07:41:08.987Z');
INSERT INTO players (id, team_id, in_game_name, real_name, role, country, created_at) OVERRIDING SYSTEM VALUE VALUES ('15', '3', 'Delight', NULL, 'SUPPORT', NULL, '2026-07-22T07:41:08.987Z');
INSERT INTO players (id, team_id, in_game_name, real_name, role, country, created_at) OVERRIDING SYSTEM VALUE VALUES ('16', '4', 'PerfecT', NULL, 'TOP', NULL, '2026-07-22T07:41:08.987Z');
INSERT INTO players (id, team_id, in_game_name, real_name, role, country, created_at) OVERRIDING SYSTEM VALUE VALUES ('17', '4', 'Cuzz', NULL, 'JUNGLE', NULL, '2026-07-22T07:41:08.987Z');
INSERT INTO players (id, team_id, in_game_name, real_name, role, country, created_at) OVERRIDING SYSTEM VALUE VALUES ('18', '4', 'Bdd', NULL, 'MID', NULL, '2026-07-22T07:41:08.987Z');
INSERT INTO players (id, team_id, in_game_name, real_name, role, country, created_at) OVERRIDING SYSTEM VALUE VALUES ('19', '4', 'deokdam', NULL, 'ADC', NULL, '2026-07-22T07:41:08.987Z');
INSERT INTO players (id, team_id, in_game_name, real_name, role, country, created_at) OVERRIDING SYSTEM VALUE VALUES ('20', '4', 'Way', NULL, 'SUPPORT', NULL, '2026-07-22T07:41:08.987Z');
INSERT INTO players (id, team_id, in_game_name, real_name, role, country, created_at) OVERRIDING SYSTEM VALUE VALUES ('21', '5', 'skiter', NULL, 'CARRY', NULL, '2026-07-22T07:41:08.987Z');
INSERT INTO players (id, team_id, in_game_name, real_name, role, country, created_at) OVERRIDING SYSTEM VALUE VALUES ('22', '5', 'Malr1ne', NULL, 'MID', NULL, '2026-07-22T07:41:08.987Z');
INSERT INTO players (id, team_id, in_game_name, real_name, role, country, created_at) OVERRIDING SYSTEM VALUE VALUES ('23', '5', 'ATF', NULL, 'OFFLANE', NULL, '2026-07-22T07:41:08.987Z');
INSERT INTO players (id, team_id, in_game_name, real_name, role, country, created_at) OVERRIDING SYSTEM VALUE VALUES ('24', '5', 'Cr1t-', NULL, 'SOFT SUPPORT', NULL, '2026-07-22T07:41:08.987Z');
INSERT INTO players (id, team_id, in_game_name, real_name, role, country, created_at) OVERRIDING SYSTEM VALUE VALUES ('25', '5', 'Sneyking', NULL, 'HARD SUPPORT', NULL, '2026-07-22T07:41:08.987Z');
INSERT INTO players (id, team_id, in_game_name, real_name, role, country, created_at) OVERRIDING SYSTEM VALUE VALUES ('26', '6', 'Ame', NULL, 'CARRY', NULL, '2026-07-22T07:41:08.987Z');
INSERT INTO players (id, team_id, in_game_name, real_name, role, country, created_at) OVERRIDING SYSTEM VALUE VALUES ('27', '6', 'Xm', NULL, 'MID', NULL, '2026-07-22T07:41:08.987Z');
INSERT INTO players (id, team_id, in_game_name, real_name, role, country, created_at) OVERRIDING SYSTEM VALUE VALUES ('28', '6', 'Xxs', NULL, 'OFFLANE', NULL, '2026-07-22T07:41:08.987Z');
INSERT INTO players (id, team_id, in_game_name, real_name, role, country, created_at) OVERRIDING SYSTEM VALUE VALUES ('29', '6', 'XinQ', NULL, 'SOFT SUPPORT', NULL, '2026-07-22T07:41:08.987Z');
INSERT INTO players (id, team_id, in_game_name, real_name, role, country, created_at) OVERRIDING SYSTEM VALUE VALUES ('30', '6', 'Dy', NULL, 'HARD SUPPORT', NULL, '2026-07-22T07:41:08.987Z');
INSERT INTO players (id, team_id, in_game_name, real_name, role, country, created_at) OVERRIDING SYSTEM VALUE VALUES ('31', '7', 'miCKe', NULL, 'CARRY', NULL, '2026-07-22T07:41:08.987Z');
INSERT INTO players (id, team_id, in_game_name, real_name, role, country, created_at) OVERRIDING SYSTEM VALUE VALUES ('32', '7', 'Nisha', NULL, 'MID', NULL, '2026-07-22T07:41:08.987Z');
INSERT INTO players (id, team_id, in_game_name, real_name, role, country, created_at) OVERRIDING SYSTEM VALUE VALUES ('33', '7', '33', NULL, 'OFFLANE', NULL, '2026-07-22T07:41:08.987Z');
INSERT INTO players (id, team_id, in_game_name, real_name, role, country, created_at) OVERRIDING SYSTEM VALUE VALUES ('34', '7', 'Boxi', NULL, 'SOFT SUPPORT', NULL, '2026-07-22T07:41:08.987Z');
INSERT INTO players (id, team_id, in_game_name, real_name, role, country, created_at) OVERRIDING SYSTEM VALUE VALUES ('35', '7', 'Insania', NULL, 'HARD SUPPORT', NULL, '2026-07-22T07:41:08.987Z');
INSERT INTO players (id, team_id, in_game_name, real_name, role, country, created_at) OVERRIDING SYSTEM VALUE VALUES ('36', '8', 'Yatoro', NULL, 'CARRY', NULL, '2026-07-22T07:41:08.987Z');
INSERT INTO players (id, team_id, in_game_name, real_name, role, country, created_at) OVERRIDING SYSTEM VALUE VALUES ('37', '8', 'Larl', NULL, 'MID', NULL, '2026-07-22T07:41:08.987Z');
INSERT INTO players (id, team_id, in_game_name, real_name, role, country, created_at) OVERRIDING SYSTEM VALUE VALUES ('38', '8', 'Collapse', NULL, 'OFFLANE', NULL, '2026-07-22T07:41:08.987Z');
INSERT INTO players (id, team_id, in_game_name, real_name, role, country, created_at) OVERRIDING SYSTEM VALUE VALUES ('39', '8', 'Mira', NULL, 'SOFT SUPPORT', NULL, '2026-07-22T07:41:08.987Z');
INSERT INTO players (id, team_id, in_game_name, real_name, role, country, created_at) OVERRIDING SYSTEM VALUE VALUES ('40', '8', 'Miposhka', NULL, 'HARD SUPPORT', NULL, '2026-07-22T07:41:08.987Z');
INSERT INTO players (id, team_id, in_game_name, real_name, role, country, created_at) OVERRIDING SYSTEM VALUE VALUES ('41', '9', 'Rich', NULL, 'TOP', NULL, '2026-07-22T07:41:08.987Z');
INSERT INTO players (id, team_id, in_game_name, real_name, role, country, created_at) OVERRIDING SYSTEM VALUE VALUES ('42', '9', 'Sponge', NULL, 'JUNGLE', NULL, '2026-07-22T07:41:08.987Z');
INSERT INTO players (id, team_id, in_game_name, real_name, role, country, created_at) OVERRIDING SYSTEM VALUE VALUES ('43', '9', 'Ucal', NULL, 'MID', NULL, '2026-07-22T07:41:08.987Z');
INSERT INTO players (id, team_id, in_game_name, real_name, role, country, created_at) OVERRIDING SYSTEM VALUE VALUES ('44', '9', 'Teddy', NULL, 'ADC', NULL, '2026-07-22T07:41:08.987Z');
INSERT INTO players (id, team_id, in_game_name, real_name, role, country, created_at) OVERRIDING SYSTEM VALUE VALUES ('45', '9', 'Andil', NULL, 'SUPPORT', NULL, '2026-07-22T07:41:08.987Z');
INSERT INTO players (id, team_id, in_game_name, real_name, role, country, created_at) OVERRIDING SYSTEM VALUE VALUES ('46', '10', 'Bin', NULL, 'TOP', NULL, '2026-07-22T07:41:08.987Z');
INSERT INTO players (id, team_id, in_game_name, real_name, role, country, created_at) OVERRIDING SYSTEM VALUE VALUES ('47', '10', 'Xun', NULL, 'JUNGLE', NULL, '2026-07-22T07:41:08.987Z');
INSERT INTO players (id, team_id, in_game_name, real_name, role, country, created_at) OVERRIDING SYSTEM VALUE VALUES ('48', '10', 'Knight', NULL, 'MID', NULL, '2026-07-22T07:41:08.987Z');
INSERT INTO players (id, team_id, in_game_name, real_name, role, country, created_at) OVERRIDING SYSTEM VALUE VALUES ('49', '10', 'Elk', NULL, 'ADC', NULL, '2026-07-22T07:41:08.987Z');
INSERT INTO players (id, team_id, in_game_name, real_name, role, country, created_at) OVERRIDING SYSTEM VALUE VALUES ('50', '10', 'ON', NULL, 'SUPPORT', NULL, '2026-07-22T07:41:08.987Z');
INSERT INTO players (id, team_id, in_game_name, real_name, role, country, created_at) OVERRIDING SYSTEM VALUE VALUES ('51', '11', 'Ale', NULL, 'TOP', NULL, '2026-07-22T07:41:08.987Z');
INSERT INTO players (id, team_id, in_game_name, real_name, role, country, created_at) OVERRIDING SYSTEM VALUE VALUES ('52', '11', 'Jiejie', NULL, 'JUNGLE', NULL, '2026-07-22T07:41:08.987Z');
INSERT INTO players (id, team_id, in_game_name, real_name, role, country, created_at) OVERRIDING SYSTEM VALUE VALUES ('53', '11', 'Fisher', NULL, 'MID', NULL, '2026-07-22T07:41:08.987Z');
INSERT INTO players (id, team_id, in_game_name, real_name, role, country, created_at) OVERRIDING SYSTEM VALUE VALUES ('54', '11', 'Leave', NULL, 'ADC', NULL, '2026-07-22T07:41:08.987Z');
INSERT INTO players (id, team_id, in_game_name, real_name, role, country, created_at) OVERRIDING SYSTEM VALUE VALUES ('55', '11', 'Meiko', NULL, 'SUPPORT', NULL, '2026-07-22T07:41:08.987Z');
INSERT INTO players (id, team_id, in_game_name, real_name, role, country, created_at) OVERRIDING SYSTEM VALUE VALUES ('56', '12', 'Fudge', NULL, 'TOP', NULL, '2026-07-22T07:41:08.987Z');
INSERT INTO players (id, team_id, in_game_name, real_name, role, country, created_at) OVERRIDING SYSTEM VALUE VALUES ('57', '12', 'Blaber', NULL, 'JUNGLE', NULL, '2026-07-22T07:41:08.987Z');
INSERT INTO players (id, team_id, in_game_name, real_name, role, country, created_at) OVERRIDING SYSTEM VALUE VALUES ('58', '12', 'Jojopyun', NULL, 'MID', NULL, '2026-07-22T07:41:08.987Z');
INSERT INTO players (id, team_id, in_game_name, real_name, role, country, created_at) OVERRIDING SYSTEM VALUE VALUES ('59', '12', 'Berserker', NULL, 'ADC', NULL, '2026-07-22T07:41:08.987Z');
INSERT INTO players (id, team_id, in_game_name, real_name, role, country, created_at) OVERRIDING SYSTEM VALUE VALUES ('60', '12', 'Vulcan', NULL, 'SUPPORT', NULL, '2026-07-22T07:41:08.987Z');
INSERT INTO players (id, team_id, in_game_name, real_name, role, country, created_at) OVERRIDING SYSTEM VALUE VALUES ('61', '13', 'Timado', NULL, 'CARRY', NULL, '2026-07-22T07:41:08.987Z');
INSERT INTO players (id, team_id, in_game_name, real_name, role, country, created_at) OVERRIDING SYSTEM VALUE VALUES ('62', '13', 'bzm', NULL, 'MID', NULL, '2026-07-22T07:41:08.987Z');
INSERT INTO players (id, team_id, in_game_name, real_name, role, country, created_at) OVERRIDING SYSTEM VALUE VALUES ('63', '13', 'Wisper', NULL, 'OFFLANE', NULL, '2026-07-22T07:41:08.987Z');
INSERT INTO players (id, team_id, in_game_name, real_name, role, country, created_at) OVERRIDING SYSTEM VALUE VALUES ('64', '13', 'Ari', NULL, 'SOFT SUPPORT', NULL, '2026-07-22T07:41:08.987Z');
INSERT INTO players (id, team_id, in_game_name, real_name, role, country, created_at) OVERRIDING SYSTEM VALUE VALUES ('65', '13', 'Fly', NULL, 'HARD SUPPORT', NULL, '2026-07-22T07:41:08.987Z');
INSERT INTO players (id, team_id, in_game_name, real_name, role, country, created_at) OVERRIDING SYSTEM VALUE VALUES ('66', '14', 'shiro', NULL, 'CARRY', NULL, '2026-07-22T07:41:08.987Z');
INSERT INTO players (id, team_id, in_game_name, real_name, role, country, created_at) OVERRIDING SYSTEM VALUE VALUES ('67', '14', 'NothingToSay', NULL, 'MID', NULL, '2026-07-22T07:41:08.987Z');
INSERT INTO players (id, team_id, in_game_name, real_name, role, country, created_at) OVERRIDING SYSTEM VALUE VALUES ('68', '14', 'niu', NULL, 'OFFLANE', NULL, '2026-07-22T07:41:08.987Z');
INSERT INTO players (id, team_id, in_game_name, real_name, role, country, created_at) OVERRIDING SYSTEM VALUE VALUES ('69', '14', 'planet', NULL, 'SOFT SUPPORT', NULL, '2026-07-22T07:41:08.987Z');
INSERT INTO players (id, team_id, in_game_name, real_name, role, country, created_at) OVERRIDING SYSTEM VALUE VALUES ('70', '14', 'y`', NULL, 'HARD SUPPORT', NULL, '2026-07-22T07:41:08.987Z');
INSERT INTO players (id, team_id, in_game_name, real_name, role, country, created_at) OVERRIDING SYSTEM VALUE VALUES ('71', '15', 'Crystallis', NULL, 'CARRY', NULL, '2026-07-22T07:41:08.987Z');
INSERT INTO players (id, team_id, in_game_name, real_name, role, country, created_at) OVERRIDING SYSTEM VALUE VALUES ('72', '15', 'Topson', NULL, 'MID', NULL, '2026-07-22T07:41:08.987Z');
INSERT INTO players (id, team_id, in_game_name, real_name, role, country, created_at) OVERRIDING SYSTEM VALUE VALUES ('73', '15', '9Class', NULL, 'OFFLANE', NULL, '2026-07-22T07:41:08.987Z');
INSERT INTO players (id, team_id, in_game_name, real_name, role, country, created_at) OVERRIDING SYSTEM VALUE VALUES ('74', '15', 'Saksa', NULL, 'SOFT SUPPORT', NULL, '2026-07-22T07:41:08.987Z');
INSERT INTO players (id, team_id, in_game_name, real_name, role, country, created_at) OVERRIDING SYSTEM VALUE VALUES ('75', '15', 'Whitemon', NULL, 'HARD SUPPORT', NULL, '2026-07-22T07:41:08.987Z');
INSERT INTO players (id, team_id, in_game_name, real_name, role, country, created_at) OVERRIDING SYSTEM VALUE VALUES ('76', '16', 'Gunnar', NULL, 'CARRY', NULL, '2026-07-22T07:41:08.987Z');
INSERT INTO players (id, team_id, in_game_name, real_name, role, country, created_at) OVERRIDING SYSTEM VALUE VALUES ('77', '16', 'Copy', NULL, 'MID', NULL, '2026-07-22T07:41:08.987Z');
INSERT INTO players (id, team_id, in_game_name, real_name, role, country, created_at) OVERRIDING SYSTEM VALUE VALUES ('78', '16', 'Moo', NULL, 'OFFLANE', NULL, '2026-07-22T07:41:08.987Z');
INSERT INTO players (id, team_id, in_game_name, real_name, role, country, created_at) OVERRIDING SYSTEM VALUE VALUES ('79', '16', 'Lelis', NULL, 'SOFT SUPPORT', NULL, '2026-07-22T07:41:08.987Z');
INSERT INTO players (id, team_id, in_game_name, real_name, role, country, created_at) OVERRIDING SYSTEM VALUE VALUES ('80', '16', 'Fata', NULL, 'HARD SUPPORT', NULL, '2026-07-22T07:41:08.987Z');
SELECT setval(pg_get_serial_sequence('players', 'id'), (SELECT COALESCE(MAX(id), 1) FROM players));

-- ===== gameplayerstats (180 rows) =====
INSERT INTO gameplayerstats (id, game_id, player_id, team_id, champion, kills, deaths, assists, is_mvp) OVERRIDING SYSTEM VALUE VALUES ('1', '1', '1', '1', 'K''Sante', 4, 1, 11, false);
INSERT INTO gameplayerstats (id, game_id, player_id, team_id, champion, kills, deaths, assists, is_mvp) OVERRIDING SYSTEM VALUE VALUES ('2', '1', '2', '1', 'Lee Sin', 5, 4, 6, false);
INSERT INTO gameplayerstats (id, game_id, player_id, team_id, champion, kills, deaths, assists, is_mvp) OVERRIDING SYSTEM VALUE VALUES ('3', '1', '3', '1', 'Orianna', 4, 3, 13, false);
INSERT INTO gameplayerstats (id, game_id, player_id, team_id, champion, kills, deaths, assists, is_mvp) OVERRIDING SYSTEM VALUE VALUES ('4', '1', '4', '1', 'Ezreal', 9, 2, 7, true);
INSERT INTO gameplayerstats (id, game_id, player_id, team_id, champion, kills, deaths, assists, is_mvp) OVERRIDING SYSTEM VALUE VALUES ('5', '1', '5', '1', 'Renata', 2, 2, 12, false);
INSERT INTO gameplayerstats (id, game_id, player_id, team_id, champion, kills, deaths, assists, is_mvp) OVERRIDING SYSTEM VALUE VALUES ('6', '1', '6', '2', 'Jax', 2, 2, 7, false);
INSERT INTO gameplayerstats (id, game_id, player_id, team_id, champion, kills, deaths, assists, is_mvp) OVERRIDING SYSTEM VALUE VALUES ('7', '1', '7', '2', 'Lee Sin', 2, 10, 3, false);
INSERT INTO gameplayerstats (id, game_id, player_id, team_id, champion, kills, deaths, assists, is_mvp) OVERRIDING SYSTEM VALUE VALUES ('8', '1', '8', '2', 'Azir', 3, 6, 6, false);
INSERT INTO gameplayerstats (id, game_id, player_id, team_id, champion, kills, deaths, assists, is_mvp) OVERRIDING SYSTEM VALUE VALUES ('9', '1', '9', '2', 'Xayah', 3, 3, 3, false);
INSERT INTO gameplayerstats (id, game_id, player_id, team_id, champion, kills, deaths, assists, is_mvp) OVERRIDING SYSTEM VALUE VALUES ('10', '1', '10', '2', 'Nautilus', 2, 3, 6, false);
INSERT INTO gameplayerstats (id, game_id, player_id, team_id, champion, kills, deaths, assists, is_mvp) OVERRIDING SYSTEM VALUE VALUES ('11', '2', '1', '1', 'Gnar', 3, 1, 6, false);
INSERT INTO gameplayerstats (id, game_id, player_id, team_id, champion, kills, deaths, assists, is_mvp) OVERRIDING SYSTEM VALUE VALUES ('12', '2', '2', '1', 'Sejuani', 3, 8, 6, false);
INSERT INTO gameplayerstats (id, game_id, player_id, team_id, champion, kills, deaths, assists, is_mvp) OVERRIDING SYSTEM VALUE VALUES ('13', '2', '3', '1', 'Orianna', 4, 5, 6, false);
INSERT INTO gameplayerstats (id, game_id, player_id, team_id, champion, kills, deaths, assists, is_mvp) OVERRIDING SYSTEM VALUE VALUES ('14', '2', '4', '1', 'Varus', 4, 3, 10, false);
INSERT INTO gameplayerstats (id, game_id, player_id, team_id, champion, kills, deaths, assists, is_mvp) OVERRIDING SYSTEM VALUE VALUES ('15', '2', '5', '1', 'Rell', 1, 4, 9, false);
INSERT INTO gameplayerstats (id, game_id, player_id, team_id, champion, kills, deaths, assists, is_mvp) OVERRIDING SYSTEM VALUE VALUES ('16', '2', '6', '2', 'Rumble', 4, 1, 11, false);
INSERT INTO gameplayerstats (id, game_id, player_id, team_id, champion, kills, deaths, assists, is_mvp) OVERRIDING SYSTEM VALUE VALUES ('17', '2', '7', '2', 'Viego', 4, 7, 9, false);
INSERT INTO gameplayerstats (id, game_id, player_id, team_id, champion, kills, deaths, assists, is_mvp) OVERRIDING SYSTEM VALUE VALUES ('18', '2', '8', '2', 'Sylas', 4, 2, 6, false);
INSERT INTO gameplayerstats (id, game_id, player_id, team_id, champion, kills, deaths, assists, is_mvp) OVERRIDING SYSTEM VALUE VALUES ('19', '2', '9', '2', 'Ezreal', 7, 2, 12, true);
INSERT INTO gameplayerstats (id, game_id, player_id, team_id, champion, kills, deaths, assists, is_mvp) OVERRIDING SYSTEM VALUE VALUES ('20', '2', '10', '2', 'Alistar', 2, 3, 10, false);
INSERT INTO gameplayerstats (id, game_id, player_id, team_id, champion, kills, deaths, assists, is_mvp) OVERRIDING SYSTEM VALUE VALUES ('21', '3', '1', '1', 'Gnar', 5, 1, 11, false);
INSERT INTO gameplayerstats (id, game_id, player_id, team_id, champion, kills, deaths, assists, is_mvp) OVERRIDING SYSTEM VALUE VALUES ('22', '3', '2', '1', 'Sejuani', 4, 7, 13, false);
INSERT INTO gameplayerstats (id, game_id, player_id, team_id, champion, kills, deaths, assists, is_mvp) OVERRIDING SYSTEM VALUE VALUES ('23', '3', '3', '1', 'Sylas', 7, 4, 12, false);
INSERT INTO gameplayerstats (id, game_id, player_id, team_id, champion, kills, deaths, assists, is_mvp) OVERRIDING SYSTEM VALUE VALUES ('24', '3', '4', '1', 'Xayah', 9, 3, 11, true);
INSERT INTO gameplayerstats (id, game_id, player_id, team_id, champion, kills, deaths, assists, is_mvp) OVERRIDING SYSTEM VALUE VALUES ('25', '3', '5', '1', 'Renata', 3, 3, 17, false);
INSERT INTO gameplayerstats (id, game_id, player_id, team_id, champion, kills, deaths, assists, is_mvp) OVERRIDING SYSTEM VALUE VALUES ('26', '3', '6', '2', 'K''Sante', 4, 2, 6, false);
INSERT INTO gameplayerstats (id, game_id, player_id, team_id, champion, kills, deaths, assists, is_mvp) OVERRIDING SYSTEM VALUE VALUES ('27', '3', '7', '2', 'Lee Sin', 4, 11, 11, false);
INSERT INTO gameplayerstats (id, game_id, player_id, team_id, champion, kills, deaths, assists, is_mvp) OVERRIDING SYSTEM VALUE VALUES ('28', '3', '8', '2', 'Taliyah', 2, 7, 11, false);
INSERT INTO gameplayerstats (id, game_id, player_id, team_id, champion, kills, deaths, assists, is_mvp) OVERRIDING SYSTEM VALUE VALUES ('29', '3', '9', '2', 'Kaisa', 6, 4, 8, false);
INSERT INTO gameplayerstats (id, game_id, player_id, team_id, champion, kills, deaths, assists, is_mvp) OVERRIDING SYSTEM VALUE VALUES ('30', '3', '10', '2', 'Rakan', 2, 4, 8, false);
INSERT INTO gameplayerstats (id, game_id, player_id, team_id, champion, kills, deaths, assists, is_mvp) OVERRIDING SYSTEM VALUE VALUES ('31', '4', '1', '1', 'Jax', 1, 1, 3, false);
INSERT INTO gameplayerstats (id, game_id, player_id, team_id, champion, kills, deaths, assists, is_mvp) OVERRIDING SYSTEM VALUE VALUES ('32', '4', '2', '1', 'Lee Sin', 2, 6, 6, false);
INSERT INTO gameplayerstats (id, game_id, player_id, team_id, champion, kills, deaths, assists, is_mvp) OVERRIDING SYSTEM VALUE VALUES ('33', '4', '3', '1', 'Ahri', 3, 5, 3, false);
INSERT INTO gameplayerstats (id, game_id, player_id, team_id, champion, kills, deaths, assists, is_mvp) OVERRIDING SYSTEM VALUE VALUES ('34', '4', '4', '1', 'Xayah', 3, 5, 5, false);
INSERT INTO gameplayerstats (id, game_id, player_id, team_id, champion, kills, deaths, assists, is_mvp) OVERRIDING SYSTEM VALUE VALUES ('35', '4', '5', '1', 'Rell', 1, 2, 4, false);
INSERT INTO gameplayerstats (id, game_id, player_id, team_id, champion, kills, deaths, assists, is_mvp) OVERRIDING SYSTEM VALUE VALUES ('36', '4', '6', '2', 'Rumble', 4, 1, 11, true);
INSERT INTO gameplayerstats (id, game_id, player_id, team_id, champion, kills, deaths, assists, is_mvp) OVERRIDING SYSTEM VALUE VALUES ('37', '4', '7', '2', 'Vi', 4, 2, 6, false);
INSERT INTO gameplayerstats (id, game_id, player_id, team_id, champion, kills, deaths, assists, is_mvp) OVERRIDING SYSTEM VALUE VALUES ('38', '4', '8', '2', 'Azir', 4, 2, 6, false);
INSERT INTO gameplayerstats (id, game_id, player_id, team_id, champion, kills, deaths, assists, is_mvp) OVERRIDING SYSTEM VALUE VALUES ('39', '4', '9', '2', 'Jinx', 6, 2, 6, false);
INSERT INTO gameplayerstats (id, game_id, player_id, team_id, champion, kills, deaths, assists, is_mvp) OVERRIDING SYSTEM VALUE VALUES ('40', '4', '10', '2', 'Nautilus', 1, 3, 8, false);
INSERT INTO gameplayerstats (id, game_id, player_id, team_id, champion, kills, deaths, assists, is_mvp) OVERRIDING SYSTEM VALUE VALUES ('41', '5', '1', '1', 'Aatrox', 4, 2, 6, false);
INSERT INTO gameplayerstats (id, game_id, player_id, team_id, champion, kills, deaths, assists, is_mvp) OVERRIDING SYSTEM VALUE VALUES ('42', '5', '2', '1', 'Viego', 3, 4, 6, false);
INSERT INTO gameplayerstats (id, game_id, player_id, team_id, champion, kills, deaths, assists, is_mvp) OVERRIDING SYSTEM VALUE VALUES ('43', '5', '3', '1', 'Orianna', 5, 5, 10, false);
INSERT INTO gameplayerstats (id, game_id, player_id, team_id, champion, kills, deaths, assists, is_mvp) OVERRIDING SYSTEM VALUE VALUES ('44', '5', '4', '1', 'Jinx', 8, 3, 6, true);
INSERT INTO gameplayerstats (id, game_id, player_id, team_id, champion, kills, deaths, assists, is_mvp) OVERRIDING SYSTEM VALUE VALUES ('45', '5', '5', '1', 'Alistar', 2, 2, 7, false);
INSERT INTO gameplayerstats (id, game_id, player_id, team_id, champion, kills, deaths, assists, is_mvp) OVERRIDING SYSTEM VALUE VALUES ('46', '5', '6', '2', 'Jax', 4, 1, 5, false);
INSERT INTO gameplayerstats (id, game_id, player_id, team_id, champion, kills, deaths, assists, is_mvp) OVERRIDING SYSTEM VALUE VALUES ('47', '5', '7', '2', 'Sejuani', 3, 8, 9, false);
INSERT INTO gameplayerstats (id, game_id, player_id, team_id, champion, kills, deaths, assists, is_mvp) OVERRIDING SYSTEM VALUE VALUES ('48', '5', '8', '2', 'Azir', 4, 6, 5, false);
INSERT INTO gameplayerstats (id, game_id, player_id, team_id, champion, kills, deaths, assists, is_mvp) OVERRIDING SYSTEM VALUE VALUES ('49', '5', '9', '2', 'Xayah', 4, 2, 9, false);
INSERT INTO gameplayerstats (id, game_id, player_id, team_id, champion, kills, deaths, assists, is_mvp) OVERRIDING SYSTEM VALUE VALUES ('50', '5', '10', '2', 'Alistar', 1, 5, 8, false);
INSERT INTO gameplayerstats (id, game_id, player_id, team_id, champion, kills, deaths, assists, is_mvp) OVERRIDING SYSTEM VALUE VALUES ('51', '6', '21', '5', 'Terrorblade', 6, 2, 21, false);
INSERT INTO gameplayerstats (id, game_id, player_id, team_id, champion, kills, deaths, assists, is_mvp) OVERRIDING SYSTEM VALUE VALUES ('52', '6', '22', '5', 'Storm Spirit', 5, 7, 20, false);
INSERT INTO gameplayerstats (id, game_id, player_id, team_id, champion, kills, deaths, assists, is_mvp) OVERRIDING SYSTEM VALUE VALUES ('53', '6', '23', '5', 'Beastmaster', 6, 4, 15, false);
INSERT INTO gameplayerstats (id, game_id, player_id, team_id, champion, kills, deaths, assists, is_mvp) OVERRIDING SYSTEM VALUE VALUES ('54', '6', '24', '5', 'Tusk', 11, 3, 9, true);
INSERT INTO gameplayerstats (id, game_id, player_id, team_id, champion, kills, deaths, assists, is_mvp) OVERRIDING SYSTEM VALUE VALUES ('55', '6', '25', '5', 'Crystal Maiden', 3, 4, 13, false);
INSERT INTO gameplayerstats (id, game_id, player_id, team_id, champion, kills, deaths, assists, is_mvp) OVERRIDING SYSTEM VALUE VALUES ('56', '6', '26', '6', 'Luna', 5, 3, 10, false);
INSERT INTO gameplayerstats (id, game_id, player_id, team_id, champion, kills, deaths, assists, is_mvp) OVERRIDING SYSTEM VALUE VALUES ('57', '6', '27', '6', 'Storm Spirit', 2, 10, 10, false);
INSERT INTO gameplayerstats (id, game_id, player_id, team_id, champion, kills, deaths, assists, is_mvp) OVERRIDING SYSTEM VALUE VALUES ('58', '6', '28', '6', 'Doom', 5, 6, 10, false);
INSERT INTO gameplayerstats (id, game_id, player_id, team_id, champion, kills, deaths, assists, is_mvp) OVERRIDING SYSTEM VALUE VALUES ('59', '6', '29', '6', 'Tusk', 5, 5, 8, false);
INSERT INTO gameplayerstats (id, game_id, player_id, team_id, champion, kills, deaths, assists, is_mvp) OVERRIDING SYSTEM VALUE VALUES ('60', '6', '30', '6', 'Oracle', 3, 7, 8, false);
INSERT INTO gameplayerstats (id, game_id, player_id, team_id, champion, kills, deaths, assists, is_mvp) OVERRIDING SYSTEM VALUE VALUES ('61', '7', '21', '5', 'Luna', 3, 3, 7, false);
INSERT INTO gameplayerstats (id, game_id, player_id, team_id, champion, kills, deaths, assists, is_mvp) OVERRIDING SYSTEM VALUE VALUES ('62', '7', '22', '5', 'Ember Spirit', 4, 7, 9, false);
INSERT INTO gameplayerstats (id, game_id, player_id, team_id, champion, kills, deaths, assists, is_mvp) OVERRIDING SYSTEM VALUE VALUES ('63', '7', '23', '5', 'Beastmaster', 4, 7, 6, false);
INSERT INTO gameplayerstats (id, game_id, player_id, team_id, champion, kills, deaths, assists, is_mvp) OVERRIDING SYSTEM VALUE VALUES ('64', '7', '24', '5', 'Rubick', 5, 3, 9, false);
INSERT INTO gameplayerstats (id, game_id, player_id, team_id, champion, kills, deaths, assists, is_mvp) OVERRIDING SYSTEM VALUE VALUES ('65', '7', '25', '5', 'Oracle', 2, 5, 7, false);
INSERT INTO gameplayerstats (id, game_id, player_id, team_id, champion, kills, deaths, assists, is_mvp) OVERRIDING SYSTEM VALUE VALUES ('66', '7', '26', '6', 'Faceless Void', 4, 1, 13, false);
INSERT INTO gameplayerstats (id, game_id, player_id, team_id, champion, kills, deaths, assists, is_mvp) OVERRIDING SYSTEM VALUE VALUES ('67', '7', '27', '6', 'Pangolier', 4, 7, 17, false);
INSERT INTO gameplayerstats (id, game_id, player_id, team_id, champion, kills, deaths, assists, is_mvp) OVERRIDING SYSTEM VALUE VALUES ('68', '7', '28', '6', 'Doom', 8, 5, 10, false);
INSERT INTO gameplayerstats (id, game_id, player_id, team_id, champion, kills, deaths, assists, is_mvp) OVERRIDING SYSTEM VALUE VALUES ('69', '7', '29', '6', 'Mirana', 7, 3, 12, true);
INSERT INTO gameplayerstats (id, game_id, player_id, team_id, champion, kills, deaths, assists, is_mvp) OVERRIDING SYSTEM VALUE VALUES ('70', '7', '30', '6', 'Disruptor', 2, 2, 9, false);
INSERT INTO gameplayerstats (id, game_id, player_id, team_id, champion, kills, deaths, assists, is_mvp) OVERRIDING SYSTEM VALUE VALUES ('71', '8', '21', '5', 'Terrorblade', 4, 2, 11, false);
INSERT INTO gameplayerstats (id, game_id, player_id, team_id, champion, kills, deaths, assists, is_mvp) OVERRIDING SYSTEM VALUE VALUES ('72', '8', '22', '5', 'Invoker', 3, 4, 11, false);
INSERT INTO gameplayerstats (id, game_id, player_id, team_id, champion, kills, deaths, assists, is_mvp) OVERRIDING SYSTEM VALUE VALUES ('73', '8', '23', '5', 'Doom', 8, 4, 11, false);
INSERT INTO gameplayerstats (id, game_id, player_id, team_id, champion, kills, deaths, assists, is_mvp) OVERRIDING SYSTEM VALUE VALUES ('74', '8', '24', '5', 'Snapfire', 9, 2, 12, true);
INSERT INTO gameplayerstats (id, game_id, player_id, team_id, champion, kills, deaths, assists, is_mvp) OVERRIDING SYSTEM VALUE VALUES ('75', '8', '25', '5', 'Oracle', 3, 2, 13, false);
INSERT INTO gameplayerstats (id, game_id, player_id, team_id, champion, kills, deaths, assists, is_mvp) OVERRIDING SYSTEM VALUE VALUES ('76', '8', '26', '6', 'Juggernaut', 2, 2, 6, false);
INSERT INTO gameplayerstats (id, game_id, player_id, team_id, champion, kills, deaths, assists, is_mvp) OVERRIDING SYSTEM VALUE VALUES ('77', '8', '27', '6', 'Storm Spirit', 3, 7, 6, false);
INSERT INTO gameplayerstats (id, game_id, player_id, team_id, champion, kills, deaths, assists, is_mvp) OVERRIDING SYSTEM VALUE VALUES ('78', '8', '28', '6', 'Doom', 4, 7, 7, false);
INSERT INTO gameplayerstats (id, game_id, player_id, team_id, champion, kills, deaths, assists, is_mvp) OVERRIDING SYSTEM VALUE VALUES ('79', '8', '29', '6', 'Snapfire', 4, 7, 7, false);
INSERT INTO gameplayerstats (id, game_id, player_id, team_id, champion, kills, deaths, assists, is_mvp) OVERRIDING SYSTEM VALUE VALUES ('80', '8', '30', '6', 'Disruptor', 1, 4, 7, false);
INSERT INTO gameplayerstats (id, game_id, player_id, team_id, champion, kills, deaths, assists, is_mvp) OVERRIDING SYSTEM VALUE VALUES ('81', '9', '21', '5', 'Juggernaut', 3, 2, 10, false);
INSERT INTO gameplayerstats (id, game_id, player_id, team_id, champion, kills, deaths, assists, is_mvp) OVERRIDING SYSTEM VALUE VALUES ('82', '9', '22', '5', 'Ember Spirit', 2, 8, 11, false);
INSERT INTO gameplayerstats (id, game_id, player_id, team_id, champion, kills, deaths, assists, is_mvp) OVERRIDING SYSTEM VALUE VALUES ('83', '9', '23', '5', 'Axe', 4, 5, 9, false);
INSERT INTO gameplayerstats (id, game_id, player_id, team_id, champion, kills, deaths, assists, is_mvp) OVERRIDING SYSTEM VALUE VALUES ('84', '9', '24', '5', 'Snapfire', 5, 4, 7, false);
INSERT INTO gameplayerstats (id, game_id, player_id, team_id, champion, kills, deaths, assists, is_mvp) OVERRIDING SYSTEM VALUE VALUES ('85', '9', '25', '5', 'Lion', 2, 4, 8, false);
INSERT INTO gameplayerstats (id, game_id, player_id, team_id, champion, kills, deaths, assists, is_mvp) OVERRIDING SYSTEM VALUE VALUES ('86', '9', '26', '6', 'Luna', 5, 2, 15, false);
INSERT INTO gameplayerstats (id, game_id, player_id, team_id, champion, kills, deaths, assists, is_mvp) OVERRIDING SYSTEM VALUE VALUES ('87', '9', '27', '6', 'Storm Spirit', 2, 5, 11, false);
INSERT INTO gameplayerstats (id, game_id, player_id, team_id, champion, kills, deaths, assists, is_mvp) OVERRIDING SYSTEM VALUE VALUES ('88', '9', '28', '6', 'Beastmaster', 6, 3, 6, false);
INSERT INTO gameplayerstats (id, game_id, player_id, team_id, champion, kills, deaths, assists, is_mvp) OVERRIDING SYSTEM VALUE VALUES ('89', '9', '29', '6', 'Tusk', 8, 4, 10, true);
INSERT INTO gameplayerstats (id, game_id, player_id, team_id, champion, kills, deaths, assists, is_mvp) OVERRIDING SYSTEM VALUE VALUES ('90', '9', '30', '6', 'Lion', 2, 2, 9, false);
INSERT INTO gameplayerstats (id, game_id, player_id, team_id, champion, kills, deaths, assists, is_mvp) OVERRIDING SYSTEM VALUE VALUES ('91', '10', '21', '5', 'Morphling', 6, 2, 20, true);
INSERT INTO gameplayerstats (id, game_id, player_id, team_id, champion, kills, deaths, assists, is_mvp) OVERRIDING SYSTEM VALUE VALUES ('92', '10', '22', '5', 'Invoker', 6, 6, 9, false);
INSERT INTO gameplayerstats (id, game_id, player_id, team_id, champion, kills, deaths, assists, is_mvp) OVERRIDING SYSTEM VALUE VALUES ('93', '10', '23', '5', 'Beastmaster', 7, 6, 14, false);
INSERT INTO gameplayerstats (id, game_id, player_id, team_id, champion, kills, deaths, assists, is_mvp) OVERRIDING SYSTEM VALUE VALUES ('94', '10', '24', '5', 'Earth Spirit', 7, 3, 15, false);
INSERT INTO gameplayerstats (id, game_id, player_id, team_id, champion, kills, deaths, assists, is_mvp) OVERRIDING SYSTEM VALUE VALUES ('95', '10', '25', '5', 'Witch Doctor', 3, 4, 9, false);
INSERT INTO gameplayerstats (id, game_id, player_id, team_id, champion, kills, deaths, assists, is_mvp) OVERRIDING SYSTEM VALUE VALUES ('96', '10', '26', '6', 'Luna', 3, 2, 6, false);
INSERT INTO gameplayerstats (id, game_id, player_id, team_id, champion, kills, deaths, assists, is_mvp) OVERRIDING SYSTEM VALUE VALUES ('97', '10', '27', '6', 'Pangolier', 3, 12, 10, false);
INSERT INTO gameplayerstats (id, game_id, player_id, team_id, champion, kills, deaths, assists, is_mvp) OVERRIDING SYSTEM VALUE VALUES ('98', '10', '28', '6', 'Mars', 6, 5, 8, false);
INSERT INTO gameplayerstats (id, game_id, player_id, team_id, champion, kills, deaths, assists, is_mvp) OVERRIDING SYSTEM VALUE VALUES ('99', '10', '29', '6', 'Earth Spirit', 7, 7, 7, false);
INSERT INTO gameplayerstats (id, game_id, player_id, team_id, champion, kills, deaths, assists, is_mvp) OVERRIDING SYSTEM VALUE VALUES ('100', '10', '30', '6', 'Witch Doctor', 2, 3, 11, false);
INSERT INTO gameplayerstats (id, game_id, player_id, team_id, champion, kills, deaths, assists, is_mvp) OVERRIDING SYSTEM VALUE VALUES ('101', '11', '11', '3', 'K''Sante', 4, 1, 6, false);
INSERT INTO gameplayerstats (id, game_id, player_id, team_id, champion, kills, deaths, assists, is_mvp) OVERRIDING SYSTEM VALUE VALUES ('102', '11', '12', '3', 'Vi', 3, 4, 12, false);
INSERT INTO gameplayerstats (id, game_id, player_id, team_id, champion, kills, deaths, assists, is_mvp) OVERRIDING SYSTEM VALUE VALUES ('103', '11', '13', '3', 'Sylas', 4, 2, 12, false);
INSERT INTO gameplayerstats (id, game_id, player_id, team_id, champion, kills, deaths, assists, is_mvp) OVERRIDING SYSTEM VALUE VALUES ('104', '11', '14', '3', 'Kaisa', 9, 4, 7, true);
INSERT INTO gameplayerstats (id, game_id, player_id, team_id, champion, kills, deaths, assists, is_mvp) OVERRIDING SYSTEM VALUE VALUES ('105', '11', '15', '3', 'Alistar', 2, 3, 9, false);
INSERT INTO gameplayerstats (id, game_id, player_id, team_id, champion, kills, deaths, assists, is_mvp) OVERRIDING SYSTEM VALUE VALUES ('106', '11', '6', '2', 'K''Sante', 2, 4, 4, false);
INSERT INTO gameplayerstats (id, game_id, player_id, team_id, champion, kills, deaths, assists, is_mvp) OVERRIDING SYSTEM VALUE VALUES ('107', '11', '7', '2', 'Viego', 3, 8, 5, false);
INSERT INTO gameplayerstats (id, game_id, player_id, team_id, champion, kills, deaths, assists, is_mvp) OVERRIDING SYSTEM VALUE VALUES ('108', '11', '8', '2', 'Orianna', 4, 4, 4, false);
INSERT INTO gameplayerstats (id, game_id, player_id, team_id, champion, kills, deaths, assists, is_mvp) OVERRIDING SYSTEM VALUE VALUES ('109', '11', '9', '2', 'Varus', 4, 3, 4, false);
INSERT INTO gameplayerstats (id, game_id, player_id, team_id, champion, kills, deaths, assists, is_mvp) OVERRIDING SYSTEM VALUE VALUES ('110', '11', '10', '2', 'Rakan', 1, 3, 7, false);
INSERT INTO gameplayerstats (id, game_id, player_id, team_id, champion, kills, deaths, assists, is_mvp) OVERRIDING SYSTEM VALUE VALUES ('111', '12', '11', '3', 'Aatrox', 2, 1, 7, false);
INSERT INTO gameplayerstats (id, game_id, player_id, team_id, champion, kills, deaths, assists, is_mvp) OVERRIDING SYSTEM VALUE VALUES ('112', '12', '12', '3', 'Vi', 2, 7, 5, false);
INSERT INTO gameplayerstats (id, game_id, player_id, team_id, champion, kills, deaths, assists, is_mvp) OVERRIDING SYSTEM VALUE VALUES ('113', '12', '13', '3', 'Azir', 4, 4, 3, false);
INSERT INTO gameplayerstats (id, game_id, player_id, team_id, champion, kills, deaths, assists, is_mvp) OVERRIDING SYSTEM VALUE VALUES ('114', '12', '14', '3', 'Jinx', 3, 2, 7, false);
INSERT INTO gameplayerstats (id, game_id, player_id, team_id, champion, kills, deaths, assists, is_mvp) OVERRIDING SYSTEM VALUE VALUES ('115', '12', '15', '3', 'Nautilus', 0, 4, 8, false);
INSERT INTO gameplayerstats (id, game_id, player_id, team_id, champion, kills, deaths, assists, is_mvp) OVERRIDING SYSTEM VALUE VALUES ('116', '12', '6', '2', 'Rumble', 5, 2, 10, false);
INSERT INTO gameplayerstats (id, game_id, player_id, team_id, champion, kills, deaths, assists, is_mvp) OVERRIDING SYSTEM VALUE VALUES ('117', '12', '7', '2', 'Vi', 3, 3, 12, false);
INSERT INTO gameplayerstats (id, game_id, player_id, team_id, champion, kills, deaths, assists, is_mvp) OVERRIDING SYSTEM VALUE VALUES ('118', '12', '8', '2', 'Ahri', 3, 3, 12, false);
INSERT INTO gameplayerstats (id, game_id, player_id, team_id, champion, kills, deaths, assists, is_mvp) OVERRIDING SYSTEM VALUE VALUES ('119', '12', '9', '2', 'Kaisa', 5, 1, 12, true);
INSERT INTO gameplayerstats (id, game_id, player_id, team_id, champion, kills, deaths, assists, is_mvp) OVERRIDING SYSTEM VALUE VALUES ('120', '12', '10', '2', 'Alistar', 2, 2, 6, false);
INSERT INTO gameplayerstats (id, game_id, player_id, team_id, champion, kills, deaths, assists, is_mvp) OVERRIDING SYSTEM VALUE VALUES ('121', '13', '11', '3', 'Jax', 4, 3, 10, false);
INSERT INTO gameplayerstats (id, game_id, player_id, team_id, champion, kills, deaths, assists, is_mvp) OVERRIDING SYSTEM VALUE VALUES ('122', '13', '12', '3', 'Lee Sin', 5, 7, 16, false);
INSERT INTO gameplayerstats (id, game_id, player_id, team_id, champion, kills, deaths, assists, is_mvp) OVERRIDING SYSTEM VALUE VALUES ('123', '13', '13', '3', 'Orianna', 6, 2, 11, false);
INSERT INTO gameplayerstats (id, game_id, player_id, team_id, champion, kills, deaths, assists, is_mvp) OVERRIDING SYSTEM VALUE VALUES ('124', '13', '14', '3', 'Kaisa', 8, 2, 13, true);
INSERT INTO gameplayerstats (id, game_id, player_id, team_id, champion, kills, deaths, assists, is_mvp) OVERRIDING SYSTEM VALUE VALUES ('125', '13', '15', '3', 'Rakan', 2, 1, 12, false);
INSERT INTO gameplayerstats (id, game_id, player_id, team_id, champion, kills, deaths, assists, is_mvp) OVERRIDING SYSTEM VALUE VALUES ('126', '13', '6', '2', 'Jax', 4, 3, 8, false);
INSERT INTO gameplayerstats (id, game_id, player_id, team_id, champion, kills, deaths, assists, is_mvp) OVERRIDING SYSTEM VALUE VALUES ('127', '13', '7', '2', 'Vi', 1, 7, 8, false);
INSERT INTO gameplayerstats (id, game_id, player_id, team_id, champion, kills, deaths, assists, is_mvp) OVERRIDING SYSTEM VALUE VALUES ('128', '13', '8', '2', 'Sylas', 2, 6, 5, false);
INSERT INTO gameplayerstats (id, game_id, player_id, team_id, champion, kills, deaths, assists, is_mvp) OVERRIDING SYSTEM VALUE VALUES ('129', '13', '9', '2', 'Xayah', 7, 6, 8, false);
INSERT INTO gameplayerstats (id, game_id, player_id, team_id, champion, kills, deaths, assists, is_mvp) OVERRIDING SYSTEM VALUE VALUES ('130', '13', '10', '2', 'Alistar', 1, 3, 4, false);
INSERT INTO gameplayerstats (id, game_id, player_id, team_id, champion, kills, deaths, assists, is_mvp) OVERRIDING SYSTEM VALUE VALUES ('131', '14', '56', '12', 'Aatrox', 2, 2, 7, false);
INSERT INTO gameplayerstats (id, game_id, player_id, team_id, champion, kills, deaths, assists, is_mvp) OVERRIDING SYSTEM VALUE VALUES ('132', '14', '57', '12', 'Lee Sin', 3, 7, 11, false);
INSERT INTO gameplayerstats (id, game_id, player_id, team_id, champion, kills, deaths, assists, is_mvp) OVERRIDING SYSTEM VALUE VALUES ('133', '14', '58', '12', 'Orianna', 6, 5, 9, false);
INSERT INTO gameplayerstats (id, game_id, player_id, team_id, champion, kills, deaths, assists, is_mvp) OVERRIDING SYSTEM VALUE VALUES ('134', '14', '59', '12', 'Varus', 6, 3, 11, false);
INSERT INTO gameplayerstats (id, game_id, player_id, team_id, champion, kills, deaths, assists, is_mvp) OVERRIDING SYSTEM VALUE VALUES ('135', '14', '60', '12', 'Rakan', 1, 5, 6, false);
INSERT INTO gameplayerstats (id, game_id, player_id, team_id, champion, kills, deaths, assists, is_mvp) OVERRIDING SYSTEM VALUE VALUES ('136', '14', '46', '10', 'Jax', 5, 2, 8, false);
INSERT INTO gameplayerstats (id, game_id, player_id, team_id, champion, kills, deaths, assists, is_mvp) OVERRIDING SYSTEM VALUE VALUES ('137', '14', '47', '10', 'Viego', 2, 4, 9, false);
INSERT INTO gameplayerstats (id, game_id, player_id, team_id, champion, kills, deaths, assists, is_mvp) OVERRIDING SYSTEM VALUE VALUES ('138', '14', '48', '10', 'Taliyah', 6, 7, 14, false);
INSERT INTO gameplayerstats (id, game_id, player_id, team_id, champion, kills, deaths, assists, is_mvp) OVERRIDING SYSTEM VALUE VALUES ('139', '14', '49', '10', 'Ezreal', 6, 2, 15, true);
INSERT INTO gameplayerstats (id, game_id, player_id, team_id, champion, kills, deaths, assists, is_mvp) OVERRIDING SYSTEM VALUE VALUES ('140', '14', '50', '10', 'Alistar', 3, 3, 13, false);
INSERT INTO gameplayerstats (id, game_id, player_id, team_id, champion, kills, deaths, assists, is_mvp) OVERRIDING SYSTEM VALUE VALUES ('141', '15', '56', '12', 'K''Sante', 3, 1, 5, false);
INSERT INTO gameplayerstats (id, game_id, player_id, team_id, champion, kills, deaths, assists, is_mvp) OVERRIDING SYSTEM VALUE VALUES ('142', '15', '57', '12', 'Maokai', 6, 6, 12, true);
INSERT INTO gameplayerstats (id, game_id, player_id, team_id, champion, kills, deaths, assists, is_mvp) OVERRIDING SYSTEM VALUE VALUES ('143', '15', '58', '12', 'Azir', 4, 5, 9, false);
INSERT INTO gameplayerstats (id, game_id, player_id, team_id, champion, kills, deaths, assists, is_mvp) OVERRIDING SYSTEM VALUE VALUES ('144', '15', '59', '12', 'Jinx', 6, 2, 8, false);
INSERT INTO gameplayerstats (id, game_id, player_id, team_id, champion, kills, deaths, assists, is_mvp) OVERRIDING SYSTEM VALUE VALUES ('145', '15', '60', '12', 'Rakan', 2, 2, 9, false);
INSERT INTO gameplayerstats (id, game_id, player_id, team_id, champion, kills, deaths, assists, is_mvp) OVERRIDING SYSTEM VALUE VALUES ('146', '15', '46', '10', 'Gnar', 2, 1, 8, false);
INSERT INTO gameplayerstats (id, game_id, player_id, team_id, champion, kills, deaths, assists, is_mvp) OVERRIDING SYSTEM VALUE VALUES ('147', '15', '47', '10', 'Vi', 3, 9, 11, false);
INSERT INTO gameplayerstats (id, game_id, player_id, team_id, champion, kills, deaths, assists, is_mvp) OVERRIDING SYSTEM VALUE VALUES ('148', '15', '48', '10', 'Orianna', 5, 6, 11, false);
INSERT INTO gameplayerstats (id, game_id, player_id, team_id, champion, kills, deaths, assists, is_mvp) OVERRIDING SYSTEM VALUE VALUES ('149', '15', '49', '10', 'Jinx', 5, 2, 7, false);
INSERT INTO gameplayerstats (id, game_id, player_id, team_id, champion, kills, deaths, assists, is_mvp) OVERRIDING SYSTEM VALUE VALUES ('150', '15', '50', '10', 'Nautilus', 1, 3, 4, false);
INSERT INTO gameplayerstats (id, game_id, player_id, team_id, champion, kills, deaths, assists, is_mvp) OVERRIDING SYSTEM VALUE VALUES ('151', '16', '56', '12', 'K''Sante', 2, 2, 6, false);
INSERT INTO gameplayerstats (id, game_id, player_id, team_id, champion, kills, deaths, assists, is_mvp) OVERRIDING SYSTEM VALUE VALUES ('152', '16', '57', '12', 'Viego', 2, 7, 8, false);
INSERT INTO gameplayerstats (id, game_id, player_id, team_id, champion, kills, deaths, assists, is_mvp) OVERRIDING SYSTEM VALUE VALUES ('153', '16', '58', '12', 'Sylas', 4, 6, 4, false);
INSERT INTO gameplayerstats (id, game_id, player_id, team_id, champion, kills, deaths, assists, is_mvp) OVERRIDING SYSTEM VALUE VALUES ('154', '16', '59', '12', 'Jinx', 5, 4, 8, false);
INSERT INTO gameplayerstats (id, game_id, player_id, team_id, champion, kills, deaths, assists, is_mvp) OVERRIDING SYSTEM VALUE VALUES ('155', '16', '60', '12', 'Rell', 1, 5, 4, false);
INSERT INTO gameplayerstats (id, game_id, player_id, team_id, champion, kills, deaths, assists, is_mvp) OVERRIDING SYSTEM VALUE VALUES ('156', '16', '46', '10', 'Rumble', 5, 2, 7, false);
INSERT INTO gameplayerstats (id, game_id, player_id, team_id, champion, kills, deaths, assists, is_mvp) OVERRIDING SYSTEM VALUE VALUES ('157', '16', '47', '10', 'Maokai', 3, 5, 8, false);
INSERT INTO gameplayerstats (id, game_id, player_id, team_id, champion, kills, deaths, assists, is_mvp) OVERRIDING SYSTEM VALUE VALUES ('158', '16', '48', '10', 'Azir', 4, 4, 15, false);
INSERT INTO gameplayerstats (id, game_id, player_id, team_id, champion, kills, deaths, assists, is_mvp) OVERRIDING SYSTEM VALUE VALUES ('159', '16', '49', '10', 'Jinx', 9, 1, 12, true);
INSERT INTO gameplayerstats (id, game_id, player_id, team_id, champion, kills, deaths, assists, is_mvp) OVERRIDING SYSTEM VALUE VALUES ('160', '16', '50', '10', 'Alistar', 3, 2, 12, false);
INSERT INTO gameplayerstats (id, game_id, player_id, team_id, champion, kills, deaths, assists, is_mvp) OVERRIDING SYSTEM VALUE VALUES ('161', '17', '36', '8', 'Juggernaut', 5, 1, 11, false);
INSERT INTO gameplayerstats (id, game_id, player_id, team_id, champion, kills, deaths, assists, is_mvp) OVERRIDING SYSTEM VALUE VALUES ('162', '17', '37', '8', 'Pangolier', 3, 6, 8, false);
INSERT INTO gameplayerstats (id, game_id, player_id, team_id, champion, kills, deaths, assists, is_mvp) OVERRIDING SYSTEM VALUE VALUES ('163', '17', '38', '8', 'Mars', 7, 3, 14, false);
INSERT INTO gameplayerstats (id, game_id, player_id, team_id, champion, kills, deaths, assists, is_mvp) OVERRIDING SYSTEM VALUE VALUES ('164', '17', '39', '8', 'Mirana', 10, 4, 8, true);
INSERT INTO gameplayerstats (id, game_id, player_id, team_id, champion, kills, deaths, assists, is_mvp) OVERRIDING SYSTEM VALUE VALUES ('165', '17', '40', '8', 'Witch Doctor', 3, 3, 14, false);
INSERT INTO gameplayerstats (id, game_id, player_id, team_id, champion, kills, deaths, assists, is_mvp) OVERRIDING SYSTEM VALUE VALUES ('166', '17', '61', '13', 'Faceless Void', 3, 3, 7, false);
INSERT INTO gameplayerstats (id, game_id, player_id, team_id, champion, kills, deaths, assists, is_mvp) OVERRIDING SYSTEM VALUE VALUES ('167', '17', '62', '13', 'Puck', 3, 8, 5, false);
INSERT INTO gameplayerstats (id, game_id, player_id, team_id, champion, kills, deaths, assists, is_mvp) OVERRIDING SYSTEM VALUE VALUES ('168', '17', '63', '13', 'Axe', 5, 10, 7, false);
INSERT INTO gameplayerstats (id, game_id, player_id, team_id, champion, kills, deaths, assists, is_mvp) OVERRIDING SYSTEM VALUE VALUES ('169', '17', '64', '13', 'Rubick', 5, 3, 6, false);
INSERT INTO gameplayerstats (id, game_id, player_id, team_id, champion, kills, deaths, assists, is_mvp) OVERRIDING SYSTEM VALUE VALUES ('170', '17', '65', '13', 'Witch Doctor', 1, 4, 9, false);
INSERT INTO gameplayerstats (id, game_id, player_id, team_id, champion, kills, deaths, assists, is_mvp) OVERRIDING SYSTEM VALUE VALUES ('171', '18', '36', '8', 'Terrorblade', 5, 3, 14, false);
INSERT INTO gameplayerstats (id, game_id, player_id, team_id, champion, kills, deaths, assists, is_mvp) OVERRIDING SYSTEM VALUE VALUES ('172', '18', '37', '8', 'Ember Spirit', 4, 8, 7, false);
INSERT INTO gameplayerstats (id, game_id, player_id, team_id, champion, kills, deaths, assists, is_mvp) OVERRIDING SYSTEM VALUE VALUES ('173', '18', '38', '8', 'Doom', 5, 3, 11, false);
INSERT INTO gameplayerstats (id, game_id, player_id, team_id, champion, kills, deaths, assists, is_mvp) OVERRIDING SYSTEM VALUE VALUES ('174', '18', '39', '8', 'Snapfire', 8, 2, 10, true);
INSERT INTO gameplayerstats (id, game_id, player_id, team_id, champion, kills, deaths, assists, is_mvp) OVERRIDING SYSTEM VALUE VALUES ('175', '18', '40', '8', 'Lion', 2, 3, 16, false);
INSERT INTO gameplayerstats (id, game_id, player_id, team_id, champion, kills, deaths, assists, is_mvp) OVERRIDING SYSTEM VALUE VALUES ('176', '18', '61', '13', 'Morphling', 4, 2, 12, false);
INSERT INTO gameplayerstats (id, game_id, player_id, team_id, champion, kills, deaths, assists, is_mvp) OVERRIDING SYSTEM VALUE VALUES ('177', '18', '62', '13', 'Pangolier', 3, 6, 10, false);
INSERT INTO gameplayerstats (id, game_id, player_id, team_id, champion, kills, deaths, assists, is_mvp) OVERRIDING SYSTEM VALUE VALUES ('178', '18', '63', '13', 'Tidehunter', 4, 7, 12, false);
INSERT INTO gameplayerstats (id, game_id, player_id, team_id, champion, kills, deaths, assists, is_mvp) OVERRIDING SYSTEM VALUE VALUES ('179', '18', '64', '13', 'Earth Spirit', 6, 5, 8, false);
INSERT INTO gameplayerstats (id, game_id, player_id, team_id, champion, kills, deaths, assists, is_mvp) OVERRIDING SYSTEM VALUE VALUES ('180', '18', '65', '13', 'Lion', 2, 4, 12, false);
SELECT setval(pg_get_serial_sequence('gameplayerstats', 'id'), (SELECT COALESCE(MAX(id), 1) FROM gameplayerstats));

-- ===== gameevents (201 rows) =====
INSERT INTO gameevents (id, game_id, event_type, team_id, game_minute, description) OVERRIDING SYSTEM VALUE VALUES ('1', '1', 'FIRST_BLOOD', '1', 5, 'T1 drew first blood');
INSERT INTO gameevents (id, game_id, event_type, team_id, game_minute, description) OVERRIDING SYSTEM VALUE VALUES ('2', '1', 'TOWER', '1', 9, 'T1 destroyed the top outer turret');
INSERT INTO gameevents (id, game_id, event_type, team_id, game_minute, description) OVERRIDING SYSTEM VALUE VALUES ('3', '1', 'DRAGON', '1', 14, 'T1 secured the Infernal Drake');
INSERT INTO gameevents (id, game_id, event_type, team_id, game_minute, description) OVERRIDING SYSTEM VALUE VALUES ('4', '1', 'TOWER', '1', 16, 'T1 destroyed the mid outer turret');
INSERT INTO gameevents (id, game_id, event_type, team_id, game_minute, description) OVERRIDING SYSTEM VALUE VALUES ('5', '1', 'TOWER', '1', 19, 'T1 destroyed the bot outer turret');
INSERT INTO gameevents (id, game_id, event_type, team_id, game_minute, description) OVERRIDING SYSTEM VALUE VALUES ('6', '1', 'TOWER', '1', 22, 'T1 destroyed the mid inner turret');
INSERT INTO gameevents (id, game_id, event_type, team_id, game_minute, description) OVERRIDING SYSTEM VALUE VALUES ('7', '1', 'HERALD', '2', 23, 'GEN secured the Rift Herald');
INSERT INTO gameevents (id, game_id, event_type, team_id, game_minute, description) OVERRIDING SYSTEM VALUE VALUES ('8', '1', 'TOWER', '1', 27, 'T1 destroyed the top inhibitor turret');
INSERT INTO gameevents (id, game_id, event_type, team_id, game_minute, description) OVERRIDING SYSTEM VALUE VALUES ('9', '1', 'DRAGON', '1', 28, 'T1 secured the Ocean Drake');
INSERT INTO gameevents (id, game_id, event_type, team_id, game_minute, description) OVERRIDING SYSTEM VALUE VALUES ('10', '1', 'TOWER', '2', 32, 'GEN destroyed the mid nexus turret');
INSERT INTO gameevents (id, game_id, event_type, team_id, game_minute, description) OVERRIDING SYSTEM VALUE VALUES ('11', '1', 'BARON', '2', 38, 'GEN secured Baron Nashor');
INSERT INTO gameevents (id, game_id, event_type, team_id, game_minute, description) OVERRIDING SYSTEM VALUE VALUES ('12', '1', 'ELDER', '1', 47, 'T1 secured the Elder Dragon');
INSERT INTO gameevents (id, game_id, event_type, team_id, game_minute, description) OVERRIDING SYSTEM VALUE VALUES ('13', '1', 'GAME_END', '1', 56, 'T1 won game 1');
INSERT INTO gameevents (id, game_id, event_type, team_id, game_minute, description) OVERRIDING SYSTEM VALUE VALUES ('14', '2', 'FIRST_BLOOD', '2', 5, 'GEN drew first blood');
INSERT INTO gameevents (id, game_id, event_type, team_id, game_minute, description) OVERRIDING SYSTEM VALUE VALUES ('15', '2', 'TOWER', '2', 8, 'GEN destroyed the top outer turret');
INSERT INTO gameevents (id, game_id, event_type, team_id, game_minute, description) OVERRIDING SYSTEM VALUE VALUES ('16', '2', 'TOWER', '1', 13, 'T1 destroyed the mid outer turret');
INSERT INTO gameevents (id, game_id, event_type, team_id, game_minute, description) OVERRIDING SYSTEM VALUE VALUES ('17', '2', 'DRAGON', '2', 15, 'GEN secured the Infernal Drake');
INSERT INTO gameevents (id, game_id, event_type, team_id, game_minute, description) OVERRIDING SYSTEM VALUE VALUES ('18', '2', 'TOWER', '2', 16, 'GEN destroyed the bot outer turret');
INSERT INTO gameevents (id, game_id, event_type, team_id, game_minute, description) OVERRIDING SYSTEM VALUE VALUES ('19', '2', 'HERALD', '2', 22, 'GEN secured the Rift Herald');
INSERT INTO gameevents (id, game_id, event_type, team_id, game_minute, description) OVERRIDING SYSTEM VALUE VALUES ('20', '2', 'TOWER', '2', 23, 'GEN destroyed the mid inner turret');
INSERT INTO gameevents (id, game_id, event_type, team_id, game_minute, description) OVERRIDING SYSTEM VALUE VALUES ('21', '2', 'TOWER', '2', 30, 'GEN destroyed the top inhibitor turret');
INSERT INTO gameevents (id, game_id, event_type, team_id, game_minute, description) OVERRIDING SYSTEM VALUE VALUES ('22', '2', 'DRAGON', '2', 32, 'GEN secured the Ocean Drake');
INSERT INTO gameevents (id, game_id, event_type, team_id, game_minute, description) OVERRIDING SYSTEM VALUE VALUES ('23', '2', 'BARON', '1', 38, 'T1 secured Baron Nashor');
INSERT INTO gameevents (id, game_id, event_type, team_id, game_minute, description) OVERRIDING SYSTEM VALUE VALUES ('24', '2', 'GAME_END', '2', 48, 'GEN won game 2');
INSERT INTO gameevents (id, game_id, event_type, team_id, game_minute, description) OVERRIDING SYSTEM VALUE VALUES ('25', '3', 'FIRST_BLOOD', '1', 4, 'T1 drew first blood');
INSERT INTO gameevents (id, game_id, event_type, team_id, game_minute, description) OVERRIDING SYSTEM VALUE VALUES ('26', '3', 'TOWER', '1', 9, 'T1 destroyed the top outer turret');
INSERT INTO gameevents (id, game_id, event_type, team_id, game_minute, description) OVERRIDING SYSTEM VALUE VALUES ('27', '3', 'DRAGON', '2', 15, 'GEN secured the Infernal Drake');
INSERT INTO gameevents (id, game_id, event_type, team_id, game_minute, description) OVERRIDING SYSTEM VALUE VALUES ('28', '3', 'TOWER', '1', 16, 'T1 destroyed the mid outer turret');
INSERT INTO gameevents (id, game_id, event_type, team_id, game_minute, description) OVERRIDING SYSTEM VALUE VALUES ('29', '3', 'TOWER', '2', 19, 'GEN destroyed the bot outer turret');
INSERT INTO gameevents (id, game_id, event_type, team_id, game_minute, description) OVERRIDING SYSTEM VALUE VALUES ('30', '3', 'TOWER', '1', 22, 'T1 destroyed the mid inner turret');
INSERT INTO gameevents (id, game_id, event_type, team_id, game_minute, description) OVERRIDING SYSTEM VALUE VALUES ('31', '3', 'HERALD', '1', 25, 'T1 secured the Rift Herald');
INSERT INTO gameevents (id, game_id, event_type, team_id, game_minute, description) OVERRIDING SYSTEM VALUE VALUES ('32', '3', 'TOWER', '2', 26, 'GEN destroyed the top inhibitor turret');
INSERT INTO gameevents (id, game_id, event_type, team_id, game_minute, description) OVERRIDING SYSTEM VALUE VALUES ('33', '3', 'TOWER', '2', 30, 'GEN destroyed the mid nexus turret');
INSERT INTO gameevents (id, game_id, event_type, team_id, game_minute, description) OVERRIDING SYSTEM VALUE VALUES ('34', '3', 'DRAGON', '1', 33, 'T1 secured the Ocean Drake');
INSERT INTO gameevents (id, game_id, event_type, team_id, game_minute, description) OVERRIDING SYSTEM VALUE VALUES ('35', '3', 'BARON', '1', 41, 'T1 secured Baron Nashor');
INSERT INTO gameevents (id, game_id, event_type, team_id, game_minute, description) OVERRIDING SYSTEM VALUE VALUES ('36', '3', 'GAME_END', '1', 48, 'T1 won game 3');
INSERT INTO gameevents (id, game_id, event_type, team_id, game_minute, description) OVERRIDING SYSTEM VALUE VALUES ('37', '4', 'FIRST_BLOOD', '2', 3, 'GEN drew first blood');
INSERT INTO gameevents (id, game_id, event_type, team_id, game_minute, description) OVERRIDING SYSTEM VALUE VALUES ('38', '4', 'TOWER', '1', 8, 'T1 destroyed the top outer turret');
INSERT INTO gameevents (id, game_id, event_type, team_id, game_minute, description) OVERRIDING SYSTEM VALUE VALUES ('39', '4', 'TOWER', '2', 12, 'GEN destroyed the mid outer turret');
INSERT INTO gameevents (id, game_id, event_type, team_id, game_minute, description) OVERRIDING SYSTEM VALUE VALUES ('40', '4', 'TOWER', '2', 17, 'GEN destroyed the bot outer turret');
INSERT INTO gameevents (id, game_id, event_type, team_id, game_minute, description) OVERRIDING SYSTEM VALUE VALUES ('41', '4', 'DRAGON', '2', 17, 'GEN secured the Infernal Drake');
INSERT INTO gameevents (id, game_id, event_type, team_id, game_minute, description) OVERRIDING SYSTEM VALUE VALUES ('42', '4', 'TOWER', '1', 22, 'T1 destroyed the mid inner turret');
INSERT INTO gameevents (id, game_id, event_type, team_id, game_minute, description) OVERRIDING SYSTEM VALUE VALUES ('43', '4', 'HERALD', '2', 27, 'GEN secured the Rift Herald');
INSERT INTO gameevents (id, game_id, event_type, team_id, game_minute, description) OVERRIDING SYSTEM VALUE VALUES ('44', '4', 'DRAGON', '2', 36, 'GEN secured the Ocean Drake');
INSERT INTO gameevents (id, game_id, event_type, team_id, game_minute, description) OVERRIDING SYSTEM VALUE VALUES ('45', '4', 'BARON', '2', 44, 'GEN secured Baron Nashor');
INSERT INTO gameevents (id, game_id, event_type, team_id, game_minute, description) OVERRIDING SYSTEM VALUE VALUES ('46', '4', 'GAME_END', '2', 49, 'GEN won game 4');
INSERT INTO gameevents (id, game_id, event_type, team_id, game_minute, description) OVERRIDING SYSTEM VALUE VALUES ('47', '5', 'FIRST_BLOOD', '1', 2, 'T1 drew first blood');
INSERT INTO gameevents (id, game_id, event_type, team_id, game_minute, description) OVERRIDING SYSTEM VALUE VALUES ('48', '5', 'TOWER', '1', 11, 'T1 destroyed the top outer turret');
INSERT INTO gameevents (id, game_id, event_type, team_id, game_minute, description) OVERRIDING SYSTEM VALUE VALUES ('49', '5', 'DRAGON', '2', 14, 'GEN secured the Infernal Drake');
INSERT INTO gameevents (id, game_id, event_type, team_id, game_minute, description) OVERRIDING SYSTEM VALUE VALUES ('50', '5', 'TOWER', '1', 18, 'T1 destroyed the mid outer turret');
INSERT INTO gameevents (id, game_id, event_type, team_id, game_minute, description) OVERRIDING SYSTEM VALUE VALUES ('51', '5', 'TOWER', '2', 24, 'GEN destroyed the bot outer turret');
INSERT INTO gameevents (id, game_id, event_type, team_id, game_minute, description) OVERRIDING SYSTEM VALUE VALUES ('52', '5', 'HERALD', '1', 24, 'T1 secured the Rift Herald');
INSERT INTO gameevents (id, game_id, event_type, team_id, game_minute, description) OVERRIDING SYSTEM VALUE VALUES ('53', '5', 'TOWER', '1', 31, 'T1 destroyed the mid inner turret');
INSERT INTO gameevents (id, game_id, event_type, team_id, game_minute, description) OVERRIDING SYSTEM VALUE VALUES ('54', '5', 'DRAGON', '1', 31, 'T1 secured the Ocean Drake');
INSERT INTO gameevents (id, game_id, event_type, team_id, game_minute, description) OVERRIDING SYSTEM VALUE VALUES ('55', '5', 'TOWER', '1', 38, 'T1 destroyed the top inhibitor turret');
INSERT INTO gameevents (id, game_id, event_type, team_id, game_minute, description) OVERRIDING SYSTEM VALUE VALUES ('56', '5', 'BARON', '1', 38, 'T1 secured Baron Nashor');
INSERT INTO gameevents (id, game_id, event_type, team_id, game_minute, description) OVERRIDING SYSTEM VALUE VALUES ('57', '5', 'ELDER', '1', 47, 'T1 secured the Elder Dragon');
INSERT INTO gameevents (id, game_id, event_type, team_id, game_minute, description) OVERRIDING SYSTEM VALUE VALUES ('58', '5', 'GAME_END', '1', 56, 'T1 won game 5');
INSERT INTO gameevents (id, game_id, event_type, team_id, game_minute, description) OVERRIDING SYSTEM VALUE VALUES ('59', '6', 'FIRST_BLOOD', '5', 3, 'FLCN drew first blood');
INSERT INTO gameevents (id, game_id, event_type, team_id, game_minute, description) OVERRIDING SYSTEM VALUE VALUES ('60', '6', 'TOWER', '5', 10, 'FLCN destroyed the top tier-1 tower');
INSERT INTO gameevents (id, game_id, event_type, team_id, game_minute, description) OVERRIDING SYSTEM VALUE VALUES ('61', '6', 'TOWER', '5', 15, 'FLCN destroyed the mid tier-1 tower');
INSERT INTO gameevents (id, game_id, event_type, team_id, game_minute, description) OVERRIDING SYSTEM VALUE VALUES ('62', '6', 'ROSHAN', '6', 17, 'XG killed Roshan (Aegis of the Immortal)');
INSERT INTO gameevents (id, game_id, event_type, team_id, game_minute, description) OVERRIDING SYSTEM VALUE VALUES ('63', '6', 'TOWER', '5', 18, 'FLCN destroyed the bot tier-1 tower');
INSERT INTO gameevents (id, game_id, event_type, team_id, game_minute, description) OVERRIDING SYSTEM VALUE VALUES ('64', '6', 'TORMENTOR', '5', 22, 'FLCN killed the Tormentor');
INSERT INTO gameevents (id, game_id, event_type, team_id, game_minute, description) OVERRIDING SYSTEM VALUE VALUES ('65', '6', 'TOWER', '5', 25, 'FLCN destroyed the mid tier-2 tower');
INSERT INTO gameevents (id, game_id, event_type, team_id, game_minute, description) OVERRIDING SYSTEM VALUE VALUES ('66', '6', 'TOWER', '5', 29, 'FLCN destroyed the top tier-3 tower');
INSERT INTO gameevents (id, game_id, event_type, team_id, game_minute, description) OVERRIDING SYSTEM VALUE VALUES ('67', '6', 'ROSHAN', '5', 31, 'FLCN killed second Roshan');
INSERT INTO gameevents (id, game_id, event_type, team_id, game_minute, description) OVERRIDING SYSTEM VALUE VALUES ('68', '6', 'GAME_END', '5', 38, 'FLCN won game 1');
INSERT INTO gameevents (id, game_id, event_type, team_id, game_minute, description) OVERRIDING SYSTEM VALUE VALUES ('69', '7', 'FIRST_BLOOD', '6', 3, 'XG drew first blood');
INSERT INTO gameevents (id, game_id, event_type, team_id, game_minute, description) OVERRIDING SYSTEM VALUE VALUES ('70', '7', 'TOWER', '5', 8, 'FLCN destroyed the top tier-1 tower');
INSERT INTO gameevents (id, game_id, event_type, team_id, game_minute, description) OVERRIDING SYSTEM VALUE VALUES ('71', '7', 'TOWER', '6', 12, 'XG destroyed the mid tier-1 tower');
INSERT INTO gameevents (id, game_id, event_type, team_id, game_minute, description) OVERRIDING SYSTEM VALUE VALUES ('72', '7', 'ROSHAN', '6', 14, 'XG killed Roshan (Aegis of the Immortal)');
INSERT INTO gameevents (id, game_id, event_type, team_id, game_minute, description) OVERRIDING SYSTEM VALUE VALUES ('73', '7', 'TOWER', '6', 19, 'XG destroyed the bot tier-1 tower');
INSERT INTO gameevents (id, game_id, event_type, team_id, game_minute, description) OVERRIDING SYSTEM VALUE VALUES ('74', '7', 'TORMENTOR', '6', 22, 'XG killed the Tormentor');
INSERT INTO gameevents (id, game_id, event_type, team_id, game_minute, description) OVERRIDING SYSTEM VALUE VALUES ('75', '7', 'TOWER', '5', 23, 'FLCN destroyed the mid tier-2 tower');
INSERT INTO gameevents (id, game_id, event_type, team_id, game_minute, description) OVERRIDING SYSTEM VALUE VALUES ('76', '7', 'ROSHAN', '5', 28, 'FLCN killed second Roshan');
INSERT INTO gameevents (id, game_id, event_type, team_id, game_minute, description) OVERRIDING SYSTEM VALUE VALUES ('77', '7', 'TOWER', '6', 30, 'XG destroyed the top tier-3 tower');
INSERT INTO gameevents (id, game_id, event_type, team_id, game_minute, description) OVERRIDING SYSTEM VALUE VALUES ('78', '7', 'TOWER', '6', 33, 'XG destroyed the mid tier-4 tower');
INSERT INTO gameevents (id, game_id, event_type, team_id, game_minute, description) OVERRIDING SYSTEM VALUE VALUES ('79', '7', 'GAME_END', '6', 37, 'XG won game 2');
INSERT INTO gameevents (id, game_id, event_type, team_id, game_minute, description) OVERRIDING SYSTEM VALUE VALUES ('80', '8', 'FIRST_BLOOD', '5', 6, 'FLCN drew first blood');
INSERT INTO gameevents (id, game_id, event_type, team_id, game_minute, description) OVERRIDING SYSTEM VALUE VALUES ('81', '8', 'TOWER', '5', 10, 'FLCN destroyed the top tier-1 tower');
INSERT INTO gameevents (id, game_id, event_type, team_id, game_minute, description) OVERRIDING SYSTEM VALUE VALUES ('82', '8', 'TOWER', '6', 16, 'XG destroyed the mid tier-1 tower');
INSERT INTO gameevents (id, game_id, event_type, team_id, game_minute, description) OVERRIDING SYSTEM VALUE VALUES ('83', '8', 'ROSHAN', '5', 16, 'FLCN killed Roshan (Aegis of the Immortal)');
INSERT INTO gameevents (id, game_id, event_type, team_id, game_minute, description) OVERRIDING SYSTEM VALUE VALUES ('84', '8', 'TOWER', '5', 20, 'FLCN destroyed the bot tier-1 tower');
INSERT INTO gameevents (id, game_id, event_type, team_id, game_minute, description) OVERRIDING SYSTEM VALUE VALUES ('85', '8', 'TOWER', '5', 24, 'FLCN destroyed the mid tier-2 tower');
INSERT INTO gameevents (id, game_id, event_type, team_id, game_minute, description) OVERRIDING SYSTEM VALUE VALUES ('86', '8', 'TORMENTOR', '5', 25, 'FLCN killed the Tormentor');
INSERT INTO gameevents (id, game_id, event_type, team_id, game_minute, description) OVERRIDING SYSTEM VALUE VALUES ('87', '8', 'TOWER', '6', 28, 'XG destroyed the top tier-3 tower');
INSERT INTO gameevents (id, game_id, event_type, team_id, game_minute, description) OVERRIDING SYSTEM VALUE VALUES ('88', '8', 'ROSHAN', '6', 32, 'XG killed second Roshan');
INSERT INTO gameevents (id, game_id, event_type, team_id, game_minute, description) OVERRIDING SYSTEM VALUE VALUES ('89', '8', 'GAME_END', '5', 42, 'FLCN won game 3');
INSERT INTO gameevents (id, game_id, event_type, team_id, game_minute, description) OVERRIDING SYSTEM VALUE VALUES ('90', '9', 'FIRST_BLOOD', '6', 2, 'XG drew first blood');
INSERT INTO gameevents (id, game_id, event_type, team_id, game_minute, description) OVERRIDING SYSTEM VALUE VALUES ('91', '9', 'TOWER', '6', 8, 'XG destroyed the top tier-1 tower');
INSERT INTO gameevents (id, game_id, event_type, team_id, game_minute, description) OVERRIDING SYSTEM VALUE VALUES ('92', '9', 'TOWER', '6', 13, 'XG destroyed the mid tier-1 tower');
INSERT INTO gameevents (id, game_id, event_type, team_id, game_minute, description) OVERRIDING SYSTEM VALUE VALUES ('93', '9', 'ROSHAN', '6', 15, 'XG killed Roshan (Aegis of the Immortal)');
INSERT INTO gameevents (id, game_id, event_type, team_id, game_minute, description) OVERRIDING SYSTEM VALUE VALUES ('94', '9', 'TOWER', '6', 16, 'XG destroyed the bot tier-1 tower');
INSERT INTO gameevents (id, game_id, event_type, team_id, game_minute, description) OVERRIDING SYSTEM VALUE VALUES ('95', '9', 'TOWER', '6', 22, 'XG destroyed the mid tier-2 tower');
INSERT INTO gameevents (id, game_id, event_type, team_id, game_minute, description) OVERRIDING SYSTEM VALUE VALUES ('96', '9', 'TORMENTOR', '6', 22, 'XG killed the Tormentor');
INSERT INTO gameevents (id, game_id, event_type, team_id, game_minute, description) OVERRIDING SYSTEM VALUE VALUES ('97', '9', 'TOWER', '6', 29, 'XG destroyed the top tier-3 tower');
INSERT INTO gameevents (id, game_id, event_type, team_id, game_minute, description) OVERRIDING SYSTEM VALUE VALUES ('98', '9', 'ROSHAN', '5', 30, 'FLCN killed second Roshan');
INSERT INTO gameevents (id, game_id, event_type, team_id, game_minute, description) OVERRIDING SYSTEM VALUE VALUES ('99', '9', 'TOWER', '6', 36, 'XG destroyed the mid tier-4 tower');
INSERT INTO gameevents (id, game_id, event_type, team_id, game_minute, description) OVERRIDING SYSTEM VALUE VALUES ('100', '9', 'GAME_END', '6', 39, 'XG won game 4');
INSERT INTO gameevents (id, game_id, event_type, team_id, game_minute, description) OVERRIDING SYSTEM VALUE VALUES ('101', '10', 'FIRST_BLOOD', '5', 4, 'FLCN drew first blood');
INSERT INTO gameevents (id, game_id, event_type, team_id, game_minute, description) OVERRIDING SYSTEM VALUE VALUES ('102', '10', 'TOWER', '5', 8, 'FLCN destroyed the top tier-1 tower');
INSERT INTO gameevents (id, game_id, event_type, team_id, game_minute, description) OVERRIDING SYSTEM VALUE VALUES ('103', '10', 'TOWER', '5', 12, 'FLCN destroyed the mid tier-1 tower');
INSERT INTO gameevents (id, game_id, event_type, team_id, game_minute, description) OVERRIDING SYSTEM VALUE VALUES ('104', '10', 'ROSHAN', '5', 17, 'FLCN killed Roshan (Aegis of the Immortal)');
INSERT INTO gameevents (id, game_id, event_type, team_id, game_minute, description) OVERRIDING SYSTEM VALUE VALUES ('105', '10', 'TOWER', '6', 19, 'XG destroyed the bot tier-1 tower');
INSERT INTO gameevents (id, game_id, event_type, team_id, game_minute, description) OVERRIDING SYSTEM VALUE VALUES ('106', '10', 'TOWER', '6', 23, 'XG destroyed the mid tier-2 tower');
INSERT INTO gameevents (id, game_id, event_type, team_id, game_minute, description) OVERRIDING SYSTEM VALUE VALUES ('107', '10', 'TORMENTOR', '5', 23, 'FLCN killed the Tormentor');
INSERT INTO gameevents (id, game_id, event_type, team_id, game_minute, description) OVERRIDING SYSTEM VALUE VALUES ('108', '10', 'TOWER', '5', 27, 'FLCN destroyed the top tier-3 tower');
INSERT INTO gameevents (id, game_id, event_type, team_id, game_minute, description) OVERRIDING SYSTEM VALUE VALUES ('109', '10', 'TOWER', '5', 30, 'FLCN destroyed the mid tier-4 tower');
INSERT INTO gameevents (id, game_id, event_type, team_id, game_minute, description) OVERRIDING SYSTEM VALUE VALUES ('110', '10', 'GAME_END', '5', 35, 'FLCN won game 5');
INSERT INTO gameevents (id, game_id, event_type, team_id, game_minute, description) OVERRIDING SYSTEM VALUE VALUES ('111', '11', 'FIRST_BLOOD', '3', 5, 'HLE drew first blood');
INSERT INTO gameevents (id, game_id, event_type, team_id, game_minute, description) OVERRIDING SYSTEM VALUE VALUES ('112', '11', 'TOWER', '3', 10, 'HLE destroyed the top outer turret');
INSERT INTO gameevents (id, game_id, event_type, team_id, game_minute, description) OVERRIDING SYSTEM VALUE VALUES ('113', '11', 'DRAGON', '2', 14, 'GEN secured the Infernal Drake');
INSERT INTO gameevents (id, game_id, event_type, team_id, game_minute, description) OVERRIDING SYSTEM VALUE VALUES ('114', '11', 'TOWER', '3', 17, 'HLE destroyed the mid outer turret');
INSERT INTO gameevents (id, game_id, event_type, team_id, game_minute, description) OVERRIDING SYSTEM VALUE VALUES ('115', '11', 'TOWER', '3', 22, 'HLE destroyed the bot outer turret');
INSERT INTO gameevents (id, game_id, event_type, team_id, game_minute, description) OVERRIDING SYSTEM VALUE VALUES ('116', '11', 'HERALD', '3', 23, 'HLE secured the Rift Herald');
INSERT INTO gameevents (id, game_id, event_type, team_id, game_minute, description) OVERRIDING SYSTEM VALUE VALUES ('117', '11', 'TOWER', '2', 29, 'GEN destroyed the mid inner turret');
INSERT INTO gameevents (id, game_id, event_type, team_id, game_minute, description) OVERRIDING SYSTEM VALUE VALUES ('118', '11', 'DRAGON', '3', 30, 'HLE secured the Ocean Drake');
INSERT INTO gameevents (id, game_id, event_type, team_id, game_minute, description) OVERRIDING SYSTEM VALUE VALUES ('119', '11', 'BARON', '2', 36, 'GEN secured Baron Nashor');
INSERT INTO gameevents (id, game_id, event_type, team_id, game_minute, description) OVERRIDING SYSTEM VALUE VALUES ('120', '11', 'GAME_END', '3', 44, 'HLE won game 1');
INSERT INTO gameevents (id, game_id, event_type, team_id, game_minute, description) OVERRIDING SYSTEM VALUE VALUES ('121', '12', 'FIRST_BLOOD', '2', 4, 'GEN drew first blood');
INSERT INTO gameevents (id, game_id, event_type, team_id, game_minute, description) OVERRIDING SYSTEM VALUE VALUES ('122', '12', 'TOWER', '3', 8, 'HLE destroyed the top outer turret');
INSERT INTO gameevents (id, game_id, event_type, team_id, game_minute, description) OVERRIDING SYSTEM VALUE VALUES ('123', '12', 'TOWER', '2', 11, 'GEN destroyed the mid outer turret');
INSERT INTO gameevents (id, game_id, event_type, team_id, game_minute, description) OVERRIDING SYSTEM VALUE VALUES ('124', '12', 'TOWER', '2', 17, 'GEN destroyed the bot outer turret');
INSERT INTO gameevents (id, game_id, event_type, team_id, game_minute, description) OVERRIDING SYSTEM VALUE VALUES ('125', '12', 'DRAGON', '3', 17, 'HLE secured the Infernal Drake');
INSERT INTO gameevents (id, game_id, event_type, team_id, game_minute, description) OVERRIDING SYSTEM VALUE VALUES ('126', '12', 'TOWER', '2', 20, 'GEN destroyed the mid inner turret');
INSERT INTO gameevents (id, game_id, event_type, team_id, game_minute, description) OVERRIDING SYSTEM VALUE VALUES ('127', '12', 'TOWER', '2', 26, 'GEN destroyed the top inhibitor turret');
INSERT INTO gameevents (id, game_id, event_type, team_id, game_minute, description) OVERRIDING SYSTEM VALUE VALUES ('128', '12', 'HERALD', '2', 26, 'GEN secured the Rift Herald');
INSERT INTO gameevents (id, game_id, event_type, team_id, game_minute, description) OVERRIDING SYSTEM VALUE VALUES ('129', '12', 'TOWER', '2', 31, 'GEN destroyed the mid nexus turret');
INSERT INTO gameevents (id, game_id, event_type, team_id, game_minute, description) OVERRIDING SYSTEM VALUE VALUES ('130', '12', 'DRAGON', '2', 31, 'GEN secured the Ocean Drake');
INSERT INTO gameevents (id, game_id, event_type, team_id, game_minute, description) OVERRIDING SYSTEM VALUE VALUES ('131', '12', 'BARON', '3', 36, 'HLE secured Baron Nashor');
INSERT INTO gameevents (id, game_id, event_type, team_id, game_minute, description) OVERRIDING SYSTEM VALUE VALUES ('132', '12', 'GAME_END', '2', 45, 'GEN won game 2');
INSERT INTO gameevents (id, game_id, event_type, team_id, game_minute, description) OVERRIDING SYSTEM VALUE VALUES ('133', '13', 'FIRST_BLOOD', '3', 6, 'HLE drew first blood');
INSERT INTO gameevents (id, game_id, event_type, team_id, game_minute, description) OVERRIDING SYSTEM VALUE VALUES ('134', '13', 'TOWER', '2', 9, 'GEN destroyed the top outer turret');
INSERT INTO gameevents (id, game_id, event_type, team_id, game_minute, description) OVERRIDING SYSTEM VALUE VALUES ('135', '13', 'TOWER', '2', 16, 'GEN destroyed the mid outer turret');
INSERT INTO gameevents (id, game_id, event_type, team_id, game_minute, description) OVERRIDING SYSTEM VALUE VALUES ('136', '13', 'DRAGON', '3', 17, 'HLE secured the Infernal Drake');
INSERT INTO gameevents (id, game_id, event_type, team_id, game_minute, description) OVERRIDING SYSTEM VALUE VALUES ('137', '13', 'TOWER', '3', 22, 'HLE destroyed the bot outer turret');
INSERT INTO gameevents (id, game_id, event_type, team_id, game_minute, description) OVERRIDING SYSTEM VALUE VALUES ('138', '13', 'HERALD', '3', 25, 'HLE secured the Rift Herald');
INSERT INTO gameevents (id, game_id, event_type, team_id, game_minute, description) OVERRIDING SYSTEM VALUE VALUES ('139', '13', 'TOWER', '3', 26, 'HLE destroyed the mid inner turret');
INSERT INTO gameevents (id, game_id, event_type, team_id, game_minute, description) OVERRIDING SYSTEM VALUE VALUES ('140', '13', 'TOWER', '3', 29, 'HLE destroyed the top inhibitor turret');
INSERT INTO gameevents (id, game_id, event_type, team_id, game_minute, description) OVERRIDING SYSTEM VALUE VALUES ('141', '13', 'DRAGON', '3', 30, 'HLE secured the Ocean Drake');
INSERT INTO gameevents (id, game_id, event_type, team_id, game_minute, description) OVERRIDING SYSTEM VALUE VALUES ('142', '13', 'TOWER', '2', 32, 'GEN destroyed the mid nexus turret');
INSERT INTO gameevents (id, game_id, event_type, team_id, game_minute, description) OVERRIDING SYSTEM VALUE VALUES ('143', '13', 'BARON', '2', 40, 'GEN secured Baron Nashor');
INSERT INTO gameevents (id, game_id, event_type, team_id, game_minute, description) OVERRIDING SYSTEM VALUE VALUES ('144', '13', 'GAME_END', '3', 50, 'HLE won game 3');
INSERT INTO gameevents (id, game_id, event_type, team_id, game_minute, description) OVERRIDING SYSTEM VALUE VALUES ('145', '14', 'FIRST_BLOOD', '10', 6, 'BLG drew first blood');
INSERT INTO gameevents (id, game_id, event_type, team_id, game_minute, description) OVERRIDING SYSTEM VALUE VALUES ('146', '14', 'TOWER', '12', 8, 'C9 destroyed the top outer turret');
INSERT INTO gameevents (id, game_id, event_type, team_id, game_minute, description) OVERRIDING SYSTEM VALUE VALUES ('147', '14', 'TOWER', '10', 11, 'BLG destroyed the mid outer turret');
INSERT INTO gameevents (id, game_id, event_type, team_id, game_minute, description) OVERRIDING SYSTEM VALUE VALUES ('148', '14', 'TOWER', '10', 16, 'BLG destroyed the bot outer turret');
INSERT INTO gameevents (id, game_id, event_type, team_id, game_minute, description) OVERRIDING SYSTEM VALUE VALUES ('149', '14', 'DRAGON', '10', 16, 'BLG secured the Infernal Drake');
INSERT INTO gameevents (id, game_id, event_type, team_id, game_minute, description) OVERRIDING SYSTEM VALUE VALUES ('150', '14', 'TOWER', '10', 21, 'BLG destroyed the mid inner turret');
INSERT INTO gameevents (id, game_id, event_type, team_id, game_minute, description) OVERRIDING SYSTEM VALUE VALUES ('151', '14', 'HERALD', '10', 25, 'BLG secured the Rift Herald');
INSERT INTO gameevents (id, game_id, event_type, team_id, game_minute, description) OVERRIDING SYSTEM VALUE VALUES ('152', '14', 'DRAGON', '10', 35, 'BLG secured the Ocean Drake');
INSERT INTO gameevents (id, game_id, event_type, team_id, game_minute, description) OVERRIDING SYSTEM VALUE VALUES ('153', '14', 'GAME_END', '10', 41, 'BLG won game 1');
INSERT INTO gameevents (id, game_id, event_type, team_id, game_minute, description) OVERRIDING SYSTEM VALUE VALUES ('154', '15', 'FIRST_BLOOD', '12', 3, 'C9 drew first blood');
INSERT INTO gameevents (id, game_id, event_type, team_id, game_minute, description) OVERRIDING SYSTEM VALUE VALUES ('155', '15', 'TOWER', '12', 10, 'C9 destroyed the top outer turret');
INSERT INTO gameevents (id, game_id, event_type, team_id, game_minute, description) OVERRIDING SYSTEM VALUE VALUES ('156', '15', 'DRAGON', '12', 14, 'C9 secured the Infernal Drake');
INSERT INTO gameevents (id, game_id, event_type, team_id, game_minute, description) OVERRIDING SYSTEM VALUE VALUES ('157', '15', 'TOWER', '10', 15, 'BLG destroyed the mid outer turret');
INSERT INTO gameevents (id, game_id, event_type, team_id, game_minute, description) OVERRIDING SYSTEM VALUE VALUES ('158', '15', 'TOWER', '12', 19, 'C9 destroyed the bot outer turret');
INSERT INTO gameevents (id, game_id, event_type, team_id, game_minute, description) OVERRIDING SYSTEM VALUE VALUES ('159', '15', 'HERALD', '12', 23, 'C9 secured the Rift Herald');
INSERT INTO gameevents (id, game_id, event_type, team_id, game_minute, description) OVERRIDING SYSTEM VALUE VALUES ('160', '15', 'TOWER', '10', 24, 'BLG destroyed the mid inner turret');
INSERT INTO gameevents (id, game_id, event_type, team_id, game_minute, description) OVERRIDING SYSTEM VALUE VALUES ('161', '15', 'DRAGON', '12', 29, 'C9 secured the Ocean Drake');
INSERT INTO gameevents (id, game_id, event_type, team_id, game_minute, description) OVERRIDING SYSTEM VALUE VALUES ('162', '15', 'TOWER', '12', 30, 'C9 destroyed the top inhibitor turret');
INSERT INTO gameevents (id, game_id, event_type, team_id, game_minute, description) OVERRIDING SYSTEM VALUE VALUES ('163', '15', 'BARON', '12', 35, 'C9 secured Baron Nashor');
INSERT INTO gameevents (id, game_id, event_type, team_id, game_minute, description) OVERRIDING SYSTEM VALUE VALUES ('164', '15', 'TOWER', '12', 36, 'C9 destroyed the mid nexus turret');
INSERT INTO gameevents (id, game_id, event_type, team_id, game_minute, description) OVERRIDING SYSTEM VALUE VALUES ('165', '15', 'ELDER', '12', 43, 'C9 secured the Elder Dragon');
INSERT INTO gameevents (id, game_id, event_type, team_id, game_minute, description) OVERRIDING SYSTEM VALUE VALUES ('166', '15', 'GAME_END', '12', 50, 'C9 won game 2');
INSERT INTO gameevents (id, game_id, event_type, team_id, game_minute, description) OVERRIDING SYSTEM VALUE VALUES ('167', '16', 'FIRST_BLOOD', '10', 6, 'BLG drew first blood');
INSERT INTO gameevents (id, game_id, event_type, team_id, game_minute, description) OVERRIDING SYSTEM VALUE VALUES ('168', '16', 'TOWER', '12', 8, 'C9 destroyed the top outer turret');
INSERT INTO gameevents (id, game_id, event_type, team_id, game_minute, description) OVERRIDING SYSTEM VALUE VALUES ('169', '16', 'TOWER', '12', 11, 'C9 destroyed the mid outer turret');
INSERT INTO gameevents (id, game_id, event_type, team_id, game_minute, description) OVERRIDING SYSTEM VALUE VALUES ('170', '16', 'DRAGON', '10', 14, 'BLG secured the Infernal Drake');
INSERT INTO gameevents (id, game_id, event_type, team_id, game_minute, description) OVERRIDING SYSTEM VALUE VALUES ('171', '16', 'TOWER', '10', 18, 'BLG destroyed the bot outer turret');
INSERT INTO gameevents (id, game_id, event_type, team_id, game_minute, description) OVERRIDING SYSTEM VALUE VALUES ('172', '16', 'HERALD', '10', 19, 'BLG secured the Rift Herald');
INSERT INTO gameevents (id, game_id, event_type, team_id, game_minute, description) OVERRIDING SYSTEM VALUE VALUES ('173', '16', 'TOWER', '10', 22, 'BLG destroyed the mid inner turret');
INSERT INTO gameevents (id, game_id, event_type, team_id, game_minute, description) OVERRIDING SYSTEM VALUE VALUES ('174', '16', 'TOWER', '12', 25, 'C9 destroyed the top inhibitor turret');
INSERT INTO gameevents (id, game_id, event_type, team_id, game_minute, description) OVERRIDING SYSTEM VALUE VALUES ('175', '16', 'TOWER', '12', 28, 'C9 destroyed the mid nexus turret');
INSERT INTO gameevents (id, game_id, event_type, team_id, game_minute, description) OVERRIDING SYSTEM VALUE VALUES ('176', '16', 'DRAGON', '10', 29, 'BLG secured the Ocean Drake');
INSERT INTO gameevents (id, game_id, event_type, team_id, game_minute, description) OVERRIDING SYSTEM VALUE VALUES ('177', '16', 'BARON', '10', 37, 'BLG secured Baron Nashor');
INSERT INTO gameevents (id, game_id, event_type, team_id, game_minute, description) OVERRIDING SYSTEM VALUE VALUES ('178', '16', 'ELDER', '10', 45, 'BLG secured the Elder Dragon');
INSERT INTO gameevents (id, game_id, event_type, team_id, game_minute, description) OVERRIDING SYSTEM VALUE VALUES ('179', '16', 'GAME_END', '10', 53, 'BLG won game 3');
INSERT INTO gameevents (id, game_id, event_type, team_id, game_minute, description) OVERRIDING SYSTEM VALUE VALUES ('180', '17', 'FIRST_BLOOD', '8', 2, 'TS drew first blood');
INSERT INTO gameevents (id, game_id, event_type, team_id, game_minute, description) OVERRIDING SYSTEM VALUE VALUES ('181', '17', 'TOWER', '8', 11, 'TS destroyed the top tier-1 tower');
INSERT INTO gameevents (id, game_id, event_type, team_id, game_minute, description) OVERRIDING SYSTEM VALUE VALUES ('182', '17', 'ROSHAN', '13', 14, 'OG killed Roshan (Aegis of the Immortal)');
INSERT INTO gameevents (id, game_id, event_type, team_id, game_minute, description) OVERRIDING SYSTEM VALUE VALUES ('183', '17', 'TOWER', '8', 18, 'TS destroyed the mid tier-1 tower');
INSERT INTO gameevents (id, game_id, event_type, team_id, game_minute, description) OVERRIDING SYSTEM VALUE VALUES ('184', '17', 'TORMENTOR', '8', 21, 'TS killed the Tormentor');
INSERT INTO gameevents (id, game_id, event_type, team_id, game_minute, description) OVERRIDING SYSTEM VALUE VALUES ('185', '17', 'TOWER', '8', 22, 'TS destroyed the bot tier-1 tower');
INSERT INTO gameevents (id, game_id, event_type, team_id, game_minute, description) OVERRIDING SYSTEM VALUE VALUES ('186', '17', 'ROSHAN', '13', 26, 'OG killed second Roshan');
INSERT INTO gameevents (id, game_id, event_type, team_id, game_minute, description) OVERRIDING SYSTEM VALUE VALUES ('187', '17', 'TOWER', '8', 28, 'TS destroyed the mid tier-2 tower');
INSERT INTO gameevents (id, game_id, event_type, team_id, game_minute, description) OVERRIDING SYSTEM VALUE VALUES ('188', '17', 'TOWER', '8', 33, 'TS destroyed the top tier-3 tower');
INSERT INTO gameevents (id, game_id, event_type, team_id, game_minute, description) OVERRIDING SYSTEM VALUE VALUES ('189', '17', 'GAME_END', '8', 34, 'TS won game 1');
INSERT INTO gameevents (id, game_id, event_type, team_id, game_minute, description) OVERRIDING SYSTEM VALUE VALUES ('190', '17', 'TOWER', '8', 38, 'TS destroyed the mid tier-4 tower');
INSERT INTO gameevents (id, game_id, event_type, team_id, game_minute, description) OVERRIDING SYSTEM VALUE VALUES ('191', '18', 'FIRST_BLOOD', '8', 6, 'TS drew first blood');
INSERT INTO gameevents (id, game_id, event_type, team_id, game_minute, description) OVERRIDING SYSTEM VALUE VALUES ('192', '18', 'TOWER', '8', 10, 'TS destroyed the top tier-1 tower');
INSERT INTO gameevents (id, game_id, event_type, team_id, game_minute, description) OVERRIDING SYSTEM VALUE VALUES ('193', '18', 'TOWER', '8', 13, 'TS destroyed the mid tier-1 tower');
INSERT INTO gameevents (id, game_id, event_type, team_id, game_minute, description) OVERRIDING SYSTEM VALUE VALUES ('194', '18', 'ROSHAN', '8', 16, 'TS killed Roshan (Aegis of the Immortal)');
INSERT INTO gameevents (id, game_id, event_type, team_id, game_minute, description) OVERRIDING SYSTEM VALUE VALUES ('195', '18', 'TOWER', '8', 19, 'TS destroyed the bot tier-1 tower');
INSERT INTO gameevents (id, game_id, event_type, team_id, game_minute, description) OVERRIDING SYSTEM VALUE VALUES ('196', '18', 'TOWER', '8', 23, 'TS destroyed the mid tier-2 tower');
INSERT INTO gameevents (id, game_id, event_type, team_id, game_minute, description) OVERRIDING SYSTEM VALUE VALUES ('197', '18', 'TORMENTOR', '8', 25, 'TS killed the Tormentor');
INSERT INTO gameevents (id, game_id, event_type, team_id, game_minute, description) OVERRIDING SYSTEM VALUE VALUES ('198', '18', 'TOWER', '13', 26, 'OG destroyed the top tier-3 tower');
INSERT INTO gameevents (id, game_id, event_type, team_id, game_minute, description) OVERRIDING SYSTEM VALUE VALUES ('199', '18', 'TOWER', '8', 32, 'TS destroyed the mid tier-4 tower');
INSERT INTO gameevents (id, game_id, event_type, team_id, game_minute, description) OVERRIDING SYSTEM VALUE VALUES ('200', '18', 'ROSHAN', '8', 32, 'TS killed second Roshan');
INSERT INTO gameevents (id, game_id, event_type, team_id, game_minute, description) OVERRIDING SYSTEM VALUE VALUES ('201', '18', 'GAME_END', '8', 37, 'TS won game 2');
SELECT setval(pg_get_serial_sequence('gameevents', 'id'), (SELECT COALESCE(MAX(id), 1) FROM gameevents));

-- ===== betmarkets (25 rows) =====
INSERT INTO betmarkets (id, match_id, market_type, options, total_pool, status, result_option, closes_at, created_at, updated_at) OVERRIDING SYSTEM VALUE VALUES ('1', '1', 'winner_team', '{"selections":["t1","geng"]}', '100000.00', 'settled', 't1', '2025-08-31T08:00:00.000Z', '2026-07-16T07:39:51.048Z', '2026-07-16T07:39:51.048Z');
INSERT INTO betmarkets (id, match_id, market_type, options, total_pool, status, result_option, closes_at, created_at, updated_at) OVERRIDING SYSTEM VALUE VALUES ('2', '2', 'winner_team', '{"selections":["hle","kt"]}', '50000.00', 'closed', NULL, '2026-07-20T08:00:00.000Z', '2026-07-16T07:39:51.048Z', '2026-07-22T06:53:56.402Z');
INSERT INTO betmarkets (id, match_id, market_type, options, total_pool, status, result_option, closes_at, created_at, updated_at) OVERRIDING SYSTEM VALUE VALUES ('3', '3', 'winner_team', '{"selections":["t1","hle"]}', '0.00', 'closed', NULL, '2026-07-21T08:00:00.000Z', '2026-07-16T07:39:51.048Z', '2026-07-22T06:53:56.431Z');
INSERT INTO betmarkets (id, match_id, market_type, options, total_pool, status, result_option, closes_at, created_at, updated_at) OVERRIDING SYSTEM VALUE VALUES ('4', '4', 'winner_team', '{"selections":["falcons","xtreme-gaming"]}', '200000.00', 'settled', 'falcons', '2025-09-14T16:00:00.000Z', '2026-07-16T07:39:51.048Z', '2026-07-16T07:39:51.048Z');
INSERT INTO betmarkets (id, match_id, market_type, options, total_pool, status, result_option, closes_at, created_at, updated_at) OVERRIDING SYSTEM VALUE VALUES ('5', '5', 'winner_team', '{"selections":["team-liquid","team-spirit"]}', '0.00', 'open', NULL, '2026-07-22T16:00:00.000Z', '2026-07-16T07:39:51.048Z', '2026-07-16T07:39:51.048Z');
INSERT INTO betmarkets (id, match_id, market_type, options, total_pool, status, result_option, closes_at, created_at, updated_at) OVERRIDING SYSTEM VALUE VALUES ('6', '2', 'first_blood', '{"selections":["hle","kt"]}', '10000.00', 'closed', NULL, '2026-07-20T08:00:00.000Z', '2026-07-16T07:39:51.048Z', '2026-07-22T06:53:56.433Z');
INSERT INTO betmarkets (id, match_id, market_type, options, total_pool, status, result_option, closes_at, created_at, updated_at) OVERRIDING SYSTEM VALUE VALUES ('7', '2', 'total_kill', '{"selections":["over_20.5","under_20.5"]}', '0.00', 'closed', NULL, '2026-07-20T08:00:00.000Z', '2026-07-16T07:39:51.048Z', '2026-07-22T06:53:56.434Z');
INSERT INTO betmarkets (id, match_id, market_type, options, total_pool, status, result_option, closes_at, created_at, updated_at) OVERRIDING SYSTEM VALUE VALUES ('8', '2', 'most_kill', '{"selections":["hle","kt"]}', '0.00', 'closed', NULL, '2026-07-20T08:00:00.000Z', '2026-07-16T07:39:51.048Z', '2026-07-22T06:53:56.435Z');
INSERT INTO betmarkets (id, match_id, market_type, options, total_pool, status, result_option, closes_at, created_at, updated_at) OVERRIDING SYSTEM VALUE VALUES ('9', '1', 'first_blood', '{"selections":["t1","geng"]}', '15000.00', 'settled', 't1', '2025-08-31T08:00:00.000Z', '2026-07-16T07:39:51.048Z', '2026-07-16T07:39:51.048Z');
INSERT INTO betmarkets (id, match_id, market_type, options, total_pool, status, result_option, closes_at, created_at, updated_at) OVERRIDING SYSTEM VALUE VALUES ('10', '1', 'total_kill', '{"selections":["over_20.5","under_20.5"]}', '5000.00', 'settled', 'over_20.5', '2025-08-31T08:00:00.000Z', '2026-07-16T07:39:51.048Z', '2026-07-16T07:39:51.048Z');
INSERT INTO betmarkets (id, match_id, market_type, options, total_pool, status, result_option, closes_at, created_at, updated_at) OVERRIDING SYSTEM VALUE VALUES ('11', '1', 'most_kill', '{"selections":["t1","geng"]}', '12000.00', 'settled', 't1', '2025-08-31T08:00:00.000Z', '2026-07-16T07:39:51.048Z', '2026-07-16T07:39:51.048Z');
INSERT INTO betmarkets (id, match_id, market_type, options, total_pool, status, result_option, closes_at, created_at, updated_at) OVERRIDING SYSTEM VALUE VALUES ('12', '6', 'winner_team', '{"selections":["drx","kt"]}', '0.00', 'open', NULL, '2026-07-23T08:00:00.000Z', '2026-07-16T07:39:51.048Z', '2026-07-16T07:39:51.048Z');
INSERT INTO betmarkets (id, match_id, market_type, options, total_pool, status, result_option, closes_at, created_at, updated_at) OVERRIDING SYSTEM VALUE VALUES ('13', '7', 'winner_team', '{"selections":["geng","drx"]}', '0.00', 'open', NULL, '2026-07-24T08:00:00.000Z', '2026-07-16T07:39:51.048Z', '2026-07-16T07:39:51.048Z');
INSERT INTO betmarkets (id, match_id, market_type, options, total_pool, status, result_option, closes_at, created_at, updated_at) OVERRIDING SYSTEM VALUE VALUES ('14', '8', 'winner_team', '{"selections":["t1","geng"]}', '0.00', 'open', NULL, '2026-07-25T08:00:00.000Z', '2026-07-16T07:39:51.048Z', '2026-07-16T07:39:51.048Z');
INSERT INTO betmarkets (id, match_id, market_type, options, total_pool, status, result_option, closes_at, created_at, updated_at) OVERRIDING SYSTEM VALUE VALUES ('15', '9', 'winner_team', '{"selections":["hle","geng"]}', '75000.00', 'settled', 'hle', '2026-07-10T08:00:00.000Z', '2026-07-16T07:39:51.048Z', '2026-07-16T07:39:51.048Z');
INSERT INTO betmarkets (id, match_id, market_type, options, total_pool, status, result_option, closes_at, created_at, updated_at) OVERRIDING SYSTEM VALUE VALUES ('16', '9', 'first_blood', '{"selections":["hle","geng"]}', '10000.00', 'settled', 'hle', '2026-07-10T08:00:00.000Z', '2026-07-16T07:39:51.048Z', '2026-07-16T07:39:51.048Z');
INSERT INTO betmarkets (id, match_id, market_type, options, total_pool, status, result_option, closes_at, created_at, updated_at) OVERRIDING SYSTEM VALUE VALUES ('17', '10', 'winner_team', '{"selections":["bilibili-gaming","edward-gaming"]}', '0.00', 'closed', NULL, '2026-07-19T06:00:00.000Z', '2026-07-16T07:39:51.048Z', '2026-07-22T06:53:56.436Z');
INSERT INTO betmarkets (id, match_id, market_type, options, total_pool, status, result_option, closes_at, created_at, updated_at) OVERRIDING SYSTEM VALUE VALUES ('18', '10', 'first_blood', '{"selections":["bilibili-gaming","edward-gaming"]}', '0.00', 'closed', NULL, '2026-07-19T06:00:00.000Z', '2026-07-16T07:39:51.048Z', '2026-07-22T06:53:56.437Z');
INSERT INTO betmarkets (id, match_id, market_type, options, total_pool, status, result_option, closes_at, created_at, updated_at) OVERRIDING SYSTEM VALUE VALUES ('19', '11', 'winner_team', '{"selections":["cloud9","bilibili-gaming"]}', '60000.00', 'settled', 'bilibili-gaming', '2026-07-11T06:00:00.000Z', '2026-07-16T07:39:51.048Z', '2026-07-16T07:39:51.048Z');
INSERT INTO betmarkets (id, match_id, market_type, options, total_pool, status, result_option, closes_at, created_at, updated_at) OVERRIDING SYSTEM VALUE VALUES ('20', '12', 'winner_team', '{"selections":["edward-gaming","cloud9"]}', '0.00', 'open', NULL, '2026-07-26T06:00:00.000Z', '2026-07-16T07:39:51.048Z', '2026-07-16T07:39:51.048Z');
INSERT INTO betmarkets (id, match_id, market_type, options, total_pool, status, result_option, closes_at, created_at, updated_at) OVERRIDING SYSTEM VALUE VALUES ('21', '13', 'winner_team', '{"selections":["og","psg-lgd"]}', '0.00', 'closed', NULL, '2026-07-20T14:00:00.000Z', '2026-07-16T07:39:51.048Z', '2026-07-22T06:53:56.438Z');
INSERT INTO betmarkets (id, match_id, market_type, options, total_pool, status, result_option, closes_at, created_at, updated_at) OVERRIDING SYSTEM VALUE VALUES ('22', '13', 'first_blood', '{"selections":["og","psg-lgd"]}', '0.00', 'closed', NULL, '2026-07-20T14:00:00.000Z', '2026-07-16T07:39:51.048Z', '2026-07-22T06:53:56.439Z');
INSERT INTO betmarkets (id, match_id, market_type, options, total_pool, status, result_option, closes_at, created_at, updated_at) OVERRIDING SYSTEM VALUE VALUES ('23', '14', 'winner_team', '{"selections":["tundra","nouns"]}', '0.00', 'closed', NULL, '2026-07-21T14:00:00.000Z', '2026-07-16T07:39:51.048Z', '2026-07-22T06:53:56.440Z');
INSERT INTO betmarkets (id, match_id, market_type, options, total_pool, status, result_option, closes_at, created_at, updated_at) OVERRIDING SYSTEM VALUE VALUES ('24', '14', 'total_kill', '{"selections":["over_25.5","under_25.5"]}', '0.00', 'closed', NULL, '2026-07-21T14:00:00.000Z', '2026-07-16T07:39:51.048Z', '2026-07-22T06:53:56.441Z');
INSERT INTO betmarkets (id, match_id, market_type, options, total_pool, status, result_option, closes_at, created_at, updated_at) OVERRIDING SYSTEM VALUE VALUES ('25', '15', 'winner_team', '{"selections":["team-spirit","og"]}', '85000.00', 'settled', 'team-spirit', '2026-07-09T14:00:00.000Z', '2026-07-16T07:39:51.048Z', '2026-07-16T07:39:51.048Z');
SELECT setval(pg_get_serial_sequence('betmarkets', 'id'), (SELECT COALESCE(MAX(id), 1) FROM betmarkets));

-- ===== odds (50 rows) =====
INSERT INTO odds (id, market_id, option_key, odd_value, updated_at) OVERRIDING SYSTEM VALUE VALUES ('1', '1', 't1', '1.6500', '2026-07-16T07:39:51.048Z');
INSERT INTO odds (id, market_id, option_key, odd_value, updated_at) OVERRIDING SYSTEM VALUE VALUES ('2', '1', 'geng', '2.2500', '2026-07-16T07:39:51.048Z');
INSERT INTO odds (id, market_id, option_key, odd_value, updated_at) OVERRIDING SYSTEM VALUE VALUES ('3', '2', 'hle', '1.9000', '2026-07-16T07:39:51.048Z');
INSERT INTO odds (id, market_id, option_key, odd_value, updated_at) OVERRIDING SYSTEM VALUE VALUES ('4', '2', 'kt', '1.9500', '2026-07-16T07:39:51.048Z');
INSERT INTO odds (id, market_id, option_key, odd_value, updated_at) OVERRIDING SYSTEM VALUE VALUES ('5', '3', 't1', '1.4000', '2026-07-16T07:39:51.048Z');
INSERT INTO odds (id, market_id, option_key, odd_value, updated_at) OVERRIDING SYSTEM VALUE VALUES ('6', '3', 'hle', '3.0000', '2026-07-16T07:39:51.048Z');
INSERT INTO odds (id, market_id, option_key, odd_value, updated_at) OVERRIDING SYSTEM VALUE VALUES ('7', '4', 'falcons', '2.1000', '2026-07-16T07:39:51.048Z');
INSERT INTO odds (id, market_id, option_key, odd_value, updated_at) OVERRIDING SYSTEM VALUE VALUES ('8', '4', 'xtreme-gaming', '1.7500', '2026-07-16T07:39:51.048Z');
INSERT INTO odds (id, market_id, option_key, odd_value, updated_at) OVERRIDING SYSTEM VALUE VALUES ('9', '5', 'team-liquid', '1.8500', '2026-07-16T07:39:51.048Z');
INSERT INTO odds (id, market_id, option_key, odd_value, updated_at) OVERRIDING SYSTEM VALUE VALUES ('10', '5', 'team-spirit', '1.9500', '2026-07-16T07:39:51.048Z');
INSERT INTO odds (id, market_id, option_key, odd_value, updated_at) OVERRIDING SYSTEM VALUE VALUES ('11', '6', 'hle', '1.8500', '2026-07-16T07:39:51.048Z');
INSERT INTO odds (id, market_id, option_key, odd_value, updated_at) OVERRIDING SYSTEM VALUE VALUES ('12', '6', 'kt', '1.8500', '2026-07-16T07:39:51.048Z');
INSERT INTO odds (id, market_id, option_key, odd_value, updated_at) OVERRIDING SYSTEM VALUE VALUES ('13', '7', 'over_20.5', '1.9000', '2026-07-16T07:39:51.048Z');
INSERT INTO odds (id, market_id, option_key, odd_value, updated_at) OVERRIDING SYSTEM VALUE VALUES ('14', '7', 'under_20.5', '1.8000', '2026-07-16T07:39:51.048Z');
INSERT INTO odds (id, market_id, option_key, odd_value, updated_at) OVERRIDING SYSTEM VALUE VALUES ('15', '8', 'hle', '1.9000', '2026-07-16T07:39:51.048Z');
INSERT INTO odds (id, market_id, option_key, odd_value, updated_at) OVERRIDING SYSTEM VALUE VALUES ('16', '8', 'kt', '1.9000', '2026-07-16T07:39:51.048Z');
INSERT INTO odds (id, market_id, option_key, odd_value, updated_at) OVERRIDING SYSTEM VALUE VALUES ('17', '9', 't1', '1.8000', '2026-07-16T07:39:51.048Z');
INSERT INTO odds (id, market_id, option_key, odd_value, updated_at) OVERRIDING SYSTEM VALUE VALUES ('18', '9', 'geng', '1.9000', '2026-07-16T07:39:51.048Z');
INSERT INTO odds (id, market_id, option_key, odd_value, updated_at) OVERRIDING SYSTEM VALUE VALUES ('19', '10', 'over_20.5', '1.8500', '2026-07-16T07:39:51.048Z');
INSERT INTO odds (id, market_id, option_key, odd_value, updated_at) OVERRIDING SYSTEM VALUE VALUES ('20', '10', 'under_20.5', '1.8500', '2026-07-16T07:39:51.048Z');
INSERT INTO odds (id, market_id, option_key, odd_value, updated_at) OVERRIDING SYSTEM VALUE VALUES ('21', '11', 't1', '1.7500', '2026-07-16T07:39:51.048Z');
INSERT INTO odds (id, market_id, option_key, odd_value, updated_at) OVERRIDING SYSTEM VALUE VALUES ('22', '11', 'geng', '1.9500', '2026-07-16T07:39:51.048Z');
INSERT INTO odds (id, market_id, option_key, odd_value, updated_at) OVERRIDING SYSTEM VALUE VALUES ('23', '12', 'drx', '2.1000', '2026-07-16T07:39:51.048Z');
INSERT INTO odds (id, market_id, option_key, odd_value, updated_at) OVERRIDING SYSTEM VALUE VALUES ('24', '12', 'kt', '1.7500', '2026-07-16T07:39:51.048Z');
INSERT INTO odds (id, market_id, option_key, odd_value, updated_at) OVERRIDING SYSTEM VALUE VALUES ('25', '13', 'geng', '1.5500', '2026-07-16T07:39:51.048Z');
INSERT INTO odds (id, market_id, option_key, odd_value, updated_at) OVERRIDING SYSTEM VALUE VALUES ('26', '13', 'drx', '2.5000', '2026-07-16T07:39:51.048Z');
INSERT INTO odds (id, market_id, option_key, odd_value, updated_at) OVERRIDING SYSTEM VALUE VALUES ('27', '14', 't1', '1.6000', '2026-07-16T07:39:51.048Z');
INSERT INTO odds (id, market_id, option_key, odd_value, updated_at) OVERRIDING SYSTEM VALUE VALUES ('28', '14', 'geng', '2.3000', '2026-07-16T07:39:51.048Z');
INSERT INTO odds (id, market_id, option_key, odd_value, updated_at) OVERRIDING SYSTEM VALUE VALUES ('29', '15', 'hle', '2.0000', '2026-07-16T07:39:51.048Z');
INSERT INTO odds (id, market_id, option_key, odd_value, updated_at) OVERRIDING SYSTEM VALUE VALUES ('30', '15', 'geng', '1.8500', '2026-07-16T07:39:51.048Z');
INSERT INTO odds (id, market_id, option_key, odd_value, updated_at) OVERRIDING SYSTEM VALUE VALUES ('31', '16', 'hle', '1.9000', '2026-07-16T07:39:51.048Z');
INSERT INTO odds (id, market_id, option_key, odd_value, updated_at) OVERRIDING SYSTEM VALUE VALUES ('32', '16', 'geng', '1.9000', '2026-07-16T07:39:51.048Z');
INSERT INTO odds (id, market_id, option_key, odd_value, updated_at) OVERRIDING SYSTEM VALUE VALUES ('33', '17', 'bilibili-gaming', '1.8500', '2026-07-16T07:39:51.048Z');
INSERT INTO odds (id, market_id, option_key, odd_value, updated_at) OVERRIDING SYSTEM VALUE VALUES ('34', '17', 'edward-gaming', '1.9500', '2026-07-16T07:39:51.048Z');
INSERT INTO odds (id, market_id, option_key, odd_value, updated_at) OVERRIDING SYSTEM VALUE VALUES ('35', '18', 'bilibili-gaming', '1.8500', '2026-07-16T07:39:51.048Z');
INSERT INTO odds (id, market_id, option_key, odd_value, updated_at) OVERRIDING SYSTEM VALUE VALUES ('36', '18', 'edward-gaming', '1.8500', '2026-07-16T07:39:51.048Z');
INSERT INTO odds (id, market_id, option_key, odd_value, updated_at) OVERRIDING SYSTEM VALUE VALUES ('37', '19', 'cloud9', '2.2000', '2026-07-16T07:39:51.048Z');
INSERT INTO odds (id, market_id, option_key, odd_value, updated_at) OVERRIDING SYSTEM VALUE VALUES ('38', '19', 'bilibili-gaming', '1.7000', '2026-07-16T07:39:51.048Z');
INSERT INTO odds (id, market_id, option_key, odd_value, updated_at) OVERRIDING SYSTEM VALUE VALUES ('39', '20', 'edward-gaming', '1.7500', '2026-07-16T07:39:51.048Z');
INSERT INTO odds (id, market_id, option_key, odd_value, updated_at) OVERRIDING SYSTEM VALUE VALUES ('40', '20', 'cloud9', '2.1000', '2026-07-16T07:39:51.048Z');
INSERT INTO odds (id, market_id, option_key, odd_value, updated_at) OVERRIDING SYSTEM VALUE VALUES ('41', '21', 'og', '2.3000', '2026-07-16T07:39:51.048Z');
INSERT INTO odds (id, market_id, option_key, odd_value, updated_at) OVERRIDING SYSTEM VALUE VALUES ('42', '21', 'psg-lgd', '1.6500', '2026-07-16T07:39:51.048Z');
INSERT INTO odds (id, market_id, option_key, odd_value, updated_at) OVERRIDING SYSTEM VALUE VALUES ('43', '22', 'og', '2.0000', '2026-07-16T07:39:51.048Z');
INSERT INTO odds (id, market_id, option_key, odd_value, updated_at) OVERRIDING SYSTEM VALUE VALUES ('44', '22', 'psg-lgd', '1.8000', '2026-07-16T07:39:51.048Z');
INSERT INTO odds (id, market_id, option_key, odd_value, updated_at) OVERRIDING SYSTEM VALUE VALUES ('45', '23', 'tundra', '1.7000', '2026-07-16T07:39:51.048Z');
INSERT INTO odds (id, market_id, option_key, odd_value, updated_at) OVERRIDING SYSTEM VALUE VALUES ('46', '23', 'nouns', '2.2000', '2026-07-16T07:39:51.048Z');
INSERT INTO odds (id, market_id, option_key, odd_value, updated_at) OVERRIDING SYSTEM VALUE VALUES ('47', '24', 'over_25.5', '1.9500', '2026-07-16T07:39:51.048Z');
INSERT INTO odds (id, market_id, option_key, odd_value, updated_at) OVERRIDING SYSTEM VALUE VALUES ('48', '24', 'under_25.5', '1.8000', '2026-07-16T07:39:51.048Z');
INSERT INTO odds (id, market_id, option_key, odd_value, updated_at) OVERRIDING SYSTEM VALUE VALUES ('49', '25', 'team-spirit', '1.7500', '2026-07-16T07:39:51.048Z');
INSERT INTO odds (id, market_id, option_key, odd_value, updated_at) OVERRIDING SYSTEM VALUE VALUES ('50', '25', 'og', '2.1000', '2026-07-16T07:39:51.048Z');
SELECT setval(pg_get_serial_sequence('odds', 'id'), (SELECT COALESCE(MAX(id), 1) FROM odds));

-- ===== viptiers (5 rows) =====
INSERT INTO viptiers (id, name, price_per_month, deposit_bonus_percent, bet_cashback_percent, min_bet_for_cashback) OVERRIDING SYSTEM VALUE VALUES ('1', 'VIP 1', '49000.00', '10.00', '1.00', '300000.00');
INSERT INTO viptiers (id, name, price_per_month, deposit_bonus_percent, bet_cashback_percent, min_bet_for_cashback) OVERRIDING SYSTEM VALUE VALUES ('2', 'VIP 2', '129000.00', '15.00', '5.00', '300000.00');
INSERT INTO viptiers (id, name, price_per_month, deposit_bonus_percent, bet_cashback_percent, min_bet_for_cashback) OVERRIDING SYSTEM VALUE VALUES ('3', 'VIP 3', '179000.00', '20.00', '5.00', '200000.00');
INSERT INTO viptiers (id, name, price_per_month, deposit_bonus_percent, bet_cashback_percent, min_bet_for_cashback) OVERRIDING SYSTEM VALUE VALUES ('4', 'VIP 4', '179000.00', '20.00', '10.00', '300000.00');
INSERT INTO viptiers (id, name, price_per_month, deposit_bonus_percent, bet_cashback_percent, min_bet_for_cashback) OVERRIDING SYSTEM VALUE VALUES ('5', 'VIP 5', '229000.00', '35.00', '15.00', '200000.00');
SELECT setval(pg_get_serial_sequence('viptiers', 'id'), (SELECT COALESCE(MAX(id), 1) FROM viptiers));

-- ===== promotions (4 rows) =====
INSERT INTO promotions (id, user_id, title, subtitle, badge_text, quote_text, button_text, button_link, is_active, bonus_percentage, max_bonus, expires_at, created_at) OVERRIDING SYSTEM VALUE VALUES (1, NULL, 'DOUBLE YOUR DEPOSIT!', 'Get +100% bonus on your first top-up up to 2.000.000đ!', 'LIMITED OFFER', '🔥 HOT PROMO: Deposit now to double your balance and unlock VIP features!', 'CLAIM 100% BONUS NOW', 'Deposit', true, '100', '2000000', '2026-07-23T07:39:51.048Z', '2026-07-16T07:39:51.048Z');
INSERT INTO promotions (id, user_id, title, subtitle, badge_text, quote_text, button_text, button_link, is_active, bonus_percentage, max_bonus, expires_at, created_at) OVERRIDING SYSTEM VALUE VALUES (2, NULL, 'WELCOME BONUS 50%', 'Get 50% extra on your first deposit up to 500.000đ. New members only!', 'NEW MEMBER', '🎮 Join 50,000+ bettors already winning on BetGG! Your esports journey starts here.', 'CLAIM 50% BONUS', 'Deposit', true, '50', '500000', '2026-07-23T07:39:51.048Z', '2026-07-16T07:39:51.048Z');
INSERT INTO promotions (id, user_id, title, subtitle, badge_text, quote_text, button_text, button_link, is_active, bonus_percentage, max_bonus, expires_at, created_at) OVERRIDING SYSTEM VALUE VALUES (3, NULL, 'VIP RELOAD BONUS', 'Every Monday get +30% on your deposit. VIP Level 2+ only.', 'WEEKLY OFFER', '💎 VIP members earned 3x more last month. Upgrade and reload today!', 'RELOAD NOW', 'Deposit', true, '30', '1000000', '2026-07-23T07:39:51.048Z', '2026-07-16T07:39:51.048Z');
INSERT INTO promotions (id, user_id, title, subtitle, badge_text, quote_text, button_text, button_link, is_active, bonus_percentage, max_bonus, expires_at, created_at) OVERRIDING SYSTEM VALUE VALUES (4, NULL, 'REFER A FRIEND', 'Invite a friend and earn 100.000đ when they make their first deposit of 200.000đ+.', 'REFERRAL', '👥 Top referrer earned 5,000,000đ this month. Start sharing now!', 'SHARE LINK', 'Deposit', true, '0', '0', '2026-07-23T07:39:51.048Z', '2026-07-16T07:39:51.048Z');
SELECT setval(pg_get_serial_sequence('promotions', 'id'), (SELECT COALESCE(MAX(id), 1) FROM promotions));

COMMIT;
